date,calendar_year,density_280_kg_m3,temperature_280_K,f107_sfu,ap_nt
2000-01-01,2000.000000,3.606914336944138e-11,967.5731941498402,nan,nan
2000-01-06,2000.013689,3.5128724146794657e-11,953.8578266594768,nan,nan
2000-01-11,2000.027379,3.779782254839206e-11,978.7847623085022,nan,nan
2000-01-16,2000.041068,4.448524543155373e-11,1049.080750574182,nan,nan
2000-01-21,2000.054757,4.256703764254982e-11,1038.3403496647015,nan,nan
2000-01-26,2000.068446,3.2382117300547975e-11,935.4352858816821,nan,nan
2000-01-31,2000.082136,3.324743237258335e-11,944.4947565817355,nan,nan
2000-02-05,2000.095825,3.53598660810197e-11,961.2156674036949,nan,nan
2000-02-10,2000.109514,4.896325494785521e-11,1100.4245515439127,nan,nan
2000-02-15,2000.123203,5.033920946524862e-11,1122.3393301378737,nan,nan
2000-02-20,2000.136893,3.461569156209139e-11,953.6289222376171,nan,nan
2000-02-25,2000.150582,4.53751756287244e-11,1059.7038756056697,nan,nan
2000-03-01,2000.164271,4.5137333887770575e-11,1045.6768761354888,nan,nan
2000-03-06,2000.177960,4.896875897941554e-11,1074.6663283239207,nan,nan
2000-03-11,2000.191650,5.1496862648526785e-11,1087.864052090575,nan,nan
2000-03-16,2000.205339,4.43818776987404e-11,1016.2545454470414,nan,nan
2000-03-21,2000.219028,4.549929322908014e-11,1025.99526130257,nan,nan
2000-03-26,2000.232717,5.658471733214338e-11,1130.1133000800146,nan,nan
2000-03-31,2000.246407,5.806431879454515e-11,1140.709118526652,nan,nan
2000-04-05,2000.260096,6.207222189142455e-11,1179.0674092835154,nan,nan
2000-04-10,2000.273785,5.779972651933912e-11,1139.2401396738928,nan,nan
2000-04-15,2000.287474,4.9371454742008926e-11,1062.6999147543506,nan,nan
2000-04-20,2000.301164,5.22498653412841e-11,1093.1679734047343,nan,nan
2000-04-25,2000.314853,5.295754546896401e-11,1106.4942005017533,nan,nan
2000-04-30,2000.328542,5.007238139921761e-11,1086.9698165661625,nan,nan
2000-05-05,2000.342231,4.166627967266733e-11,1006.6837078069714,nan,nan
2000-05-10,2000.355921,4.2908870598872654e-11,1027.5809099866233,nan,nan
2000-05-15,2000.369610,4.7125950806493935e-11,1080.5883486256557,nan,nan
2000-05-20,2000.383299,5.2004275433461505e-11,1147.355990358287,nan,nan
2000-05-25,2000.396988,5.429986320634002e-11,1191.1089732966052,nan,nan
2000-05-30,2000.410678,4.413938385889997e-11,1094.9757888420634,nan,nan
2000-06-04,2000.424367,3.570371940041495e-11,1019.3630176546651,nan,nan
2000-06-09,2000.438056,5.183045398700835e-11,1223.8872285232155,nan,nan
2000-06-14,2000.451745,4.1312532969730165e-11,1116.8220534170032,nan,nan
2000-06-19,2000.465435,4.296442762135139e-11,1160.6971998052118,nan,nan
2000-06-24,2000.479124,4.326341691293145e-11,1165.8396376415903,nan,nan
2000-06-29,2000.492813,3.612338630148849e-11,1054.826258170253,nan,nan
2000-07-04,2000.506502,3.452044894854244e-11,1023.8078398438877,nan,nan
2000-07-09,2000.520192,3.94163125530454e-11,1081.0701236677785,nan,nan
2000-07-14,2000.533881,5.225067198111343e-11,1234.546577744092,nan,nan
2000-07-19,2000.547570,5.1114484906104424e-11,1206.0054685318246,nan,nan
2000-07-24,2000.561259,5.5231325012001404e-11,1252.6206328037174,nan,nan
2000-07-29,2000.574949,4.7911992129418855e-11,1152.0268023209173,nan,nan
2000-08-03,2000.588638,3.852459191030684e-11,1032.1421821596555,nan,nan
2000-08-08,2000.602327,3.871354488233907e-11,1023.7553507147286,nan,nan
2000-08-13,2000.616016,5.366121495651479e-11,1192.3263499205225,nan,nan
2000-08-18,2000.629706,4.356145044134359e-11,1086.879446718126,nan,nan
2000-08-23,2000.643395,3.647345560057142e-11,995.3601513156821,nan,nan
2000-08-28,2000.657084,3.390866183451186e-11,956.3405821208745,nan,nan
2000-09-02,2000.670773,4.158320220953823e-11,1020.8053858683805,nan,nan
2000-09-07,2000.684463,5.064123486295544e-11,1101.9591704362958,nan,nan
2000-09-12,2000.698152,4.237001939020369e-11,1013.0542028179005,nan,nan
2000-09-17,2000.711841,4.4119081070324373e-11,1023.2178265918294,nan,nan
2000-09-22,2000.725530,4.101758928876824e-11,987.9520415741638,nan,nan
2000-09-27,2000.739220,5.0299078366200704e-11,1072.6643815384537,nan,nan
2000-10-02,2000.752909,5.13002149750314e-11,1078.5682212585914,nan,nan
2000-10-07,2000.766598,4.571697356424625e-11,1022.2166741865885,nan,nan
2000-10-12,2000.780287,4.036211424384597e-11,967.8194320178127,nan,nan
2000-10-17,2000.793977,4.788070164245895e-11,1037.2051786479192,nan,nan
2000-10-22,2000.807666,4.396668386961116e-11,998.8133382652182,nan,nan
2000-10-27,2000.821355,4.646753181025577e-11,1021.7155192173254,nan,nan
2000-11-01,2000.835044,5.7833622323252677e-11,1122.3128626840378,nan,nan
2000-11-06,2000.848734,5.616903345411683e-11,1100.677857282907,nan,nan
2000-11-11,2000.862423,5.5730813192878455e-11,1096.5931838738168,nan,nan
2000-11-16,2000.876112,3.4704756036305344e-11,904.8543228239474,nan,nan
2000-11-21,2000.889802,4.697813957570766e-11,1022.9980169998855,nan,nan
2000-11-26,2000.903491,4.942134692740634e-11,1051.2830668423449,nan,nan
2000-12-01,2000.917180,4.912901653392318e-11,1055.7516352246635,nan,nan
2000-12-06,2000.930869,4.069510530754554e-11,982.5226695940946,nan,nan
2000-12-11,2000.944559,3.510907496545466e-11,931.9954728448886,nan,nan
2000-12-16,2000.958248,3.775442674296193e-11,958.553147942774,nan,nan
2000-12-21,2000.971937,4.647520340647345e-11,1046.5355925178515,nan,nan
2000-12-26,2000.985626,4.925841981006684e-11,1075.0160556184944,nan,nan
2000-12-31,2000.999316,4.185034287094494e-11,1001.1323514117971,nan,nan
2001-01-05,2001.013005,4.2283459413503363e-11,1001.9697838796864,nan,nan
2001-01-10,2001.026694,3.9412228664269384e-11,973.1406187329944,nan,nan
2001-01-15,2001.040383,3.830119065898231e-11,962.7530377339351,nan,nan
2001-01-20,2001.054073,3.763862763858624e-11,953.8872860898671,nan,nan
2001-01-25,2001.067762,4.842405402882916e-11,1052.0311119320559,nan,nan
2001-01-30,2001.081451,3.986790124227188e-11,969.1818614227011,nan,nan
2001-02-04,2001.095140,3.870022368550438e-11,955.6827547769818,nan,nan
2001-02-09,2001.108830,4.0126012979370374e-11,966.1930956042816,nan,nan
2001-02-14,2001.122519,4.452835942747776e-11,1007.9186366516183,nan,nan
2001-02-19,2001.136208,3.2951361528651275e-11,902.0984276992299,nan,nan
2001-02-24,2001.149897,3.810340094594758e-11,954.289171769432,nan,nan
2001-03-01,2001.163587,4.018860084281711e-11,970.8123417575853,nan,nan
2001-03-06,2001.177276,3.8143514455121956e-11,950.504255916693,nan,nan
2001-03-11,2001.190965,3.9109920394759585e-11,956.3489222278812,nan,nan
2001-03-16,2001.204654,3.645535028875879e-11,934.7103131771971,nan,nan
2001-03-21,2001.218344,5.059421719668684e-11,1070.3954445194872,nan,nan
2001-03-26,2001.232033,4.437233048748771e-11,1012.3978153194896,nan,nan
2001-03-31,2001.245722,6.10753506299493e-11,1169.951754958956,nan,nan
2001-04-05,2001.259411,6.592065698195911e-11,1217.9567223653123,nan,nan
2001-04-10,2001.273101,5.494391301531945e-11,1116.135798416799,nan,nan
2001-04-15,2001.286790,4.36820399322556e-11,1011.8960701348692,nan,nan
2001-04-20,2001.300479,3.730879740758623e-11,951.1890789751963,nan,nan
2001-04-25,2001.314168,4.320103872414171e-11,1010.6857205271459,nan,nan
2001-04-30,2001.327858,4.8781351897155236e-11,1073.6327393864835,nan,nan
2001-05-05,2001.341547,4.3696249561084695e-11,1030.5324711692958,nan,nan
2001-05-10,2001.355236,5.050801404181521e-11,1103.3445049221077,nan,nan
2001-05-15,2001.368925,3.384843020636472e-11,940.3533339837749,nan,nan
2001-05-20,2001.382615,3.3923799266460447e-11,948.5183497358486,nan,nan
2001-05-25,2001.396304,3.66732537638582e-11,984.0950109888402,nan,nan
2001-05-30,2001.409993,4.130679689428506e-11,1041.683210336968,nan,nan
2001-06-04,2001.423682,3.375724643516891e-11,962.6004871516126,nan,nan
2001-06-09,2001.437372,3.6477201131152465e-11,996.8499687100018,nan,nan
2001-06-14,2001.451061,3.626950546595628e-11,998.6010902175254,nan,nan
2001-06-19,2001.464750,4.4910508050196666e-11,1103.5704771162439,nan,nan
2001-06-24,2001.478439,3.805537383633224e-11,1031.412054629313,nan,nan
2001-06-29,2001.492129,3.2314000497471084e-11,968.9603009209932,nan,nan
2001-07-04,2001.505818,3.107820524164797e-11,960.2315542356741,nan,nan
2001-07-09,2001.519507,3.0011895566019256e-11,948.8561057022922,nan,nan
2001-07-14,2001.533196,2.732860463531013e-11,919.9445531433479,nan,nan
2001-07-19,2001.546886,3.239539412313072e-11,985.7694759426915,nan,nan
2001-07-24,2001.560575,3.072416919720998e-11,967.2740865474865,nan,nan
2001-07-29,2001.574264,2.4714944326258408e-11,890.4928170951528,nan,nan
2001-08-03,2001.587953,2.6953054412537457e-11,919.587927281612,nan,nan
2001-08-08,2001.601643,3.030195441343873e-11,963.3514529501092,nan,nan
2001-08-13,2001.615332,3.7043346159646454e-11,1051.9127312663993,nan,nan
2001-08-18,2001.629021,4.5884808546098104e-11,1186.3855101170557,nan,nan
2001-08-23,2001.642710,3.511014834979956e-11,1059.3408644170372,nan,nan
2001-08-28,2001.656400,3.632766997624615e-11,1064.49075149667,nan,nan
2001-09-02,2001.670089,3.551490881811048e-11,1041.6661479232719,nan,nan
2001-09-07,2001.683778,3.901110663468319e-11,1072.7838987760558,nan,nan
2001-09-12,2001.697467,4.604902346540907e-11,1161.6688848971394,nan,nan
2001-09-17,2001.711157,4.604955544154653e-11,1149.653613034238,nan,nan
2001-09-22,2001.724846,4.2343345873589165e-11,1090.3663160680464,nan,nan
2001-09-27,2001.738535,5.298133458436531e-11,1212.4256819017774,nan,nan
2001-10-02,2001.752225,5.7364367939840315e-11,1271.6048197299233,nan,nan
2001-10-07,2001.765914,4.5730762993067685e-11,1118.7207828949427,nan,nan
2001-10-12,2001.779603,5.618098805511393e-11,1209.7510201555956,nan,nan
2001-10-17,2001.793292,5.207222440761939e-11,1138.0948037080414,nan,nan
2001-10-22,2001.806982,8.0362740752535e-11,1425.9586898417979,nan,nan
2001-10-27,2001.820671,5.992242228083132e-11,1187.5807420891242,nan,nan
2001-11-01,2001.834360,6.313702933099531e-11,1216.8398527449895,nan,nan
2001-11-06,2001.848049,6.499042451086426e-11,1225.0804101132467,nan,nan
2001-11-11,2001.861739,5.79692185881728e-11,1150.593445036492,nan,nan
2001-11-16,2001.875428,6.104806288000715e-11,1197.3837851280775,nan,nan
2001-11-21,2001.889117,4.625974811352627e-11,1070.953514788344,nan,nan
2001-11-26,2001.902806,4.900210644786892e-11,1116.5152712989513,nan,nan
2001-12-01,2001.916496,4.6494006206344836e-11,1093.0538838677417,nan,nan
2001-12-06,2001.930185,5.165205702411979e-11,1169.388320606637,nan,nan
2001-12-11,2001.943874,4.830448763212819e-11,1141.397048046489,nan,nan
2001-12-16,2001.957563,4.7569015747397295e-11,1133.7058982473936,nan,nan
2001-12-21,2001.971253,4.663144897320929e-11,1123.7499221134076,nan,nan
2001-12-26,2001.984942,5.224869995451025e-11,1192.2848644972846,nan,nan
2001-12-31,2001.998631,5.4187821842660656e-11,1223.6721746344801,nan,nan
2002-01-05,2002.012320,4.776614381575737e-11,1158.2764454709995,nan,nan
2002-01-10,2002.026010,4.3774332985082594e-11,1114.5015602270835,nan,nan
2002-01-15,2002.039699,4.9244072558946045e-11,1157.8230117156422,nan,nan
2002-01-20,2002.053388,5.4982564055440754e-11,1211.8432109346206,nan,nan
2002-01-25,2002.067077,5.302482094887602e-11,1173.1458548877617,nan,nan
2002-01-30,2002.080767,5.5374957387998175e-11,1183.0532190533274,nan,nan
2002-02-04,2002.094456,5.340603924442239e-11,1144.2958927055681,nan,nan
2002-02-09,2002.108145,5.561752797202358e-11,1139.245647317171,nan,nan
2002-02-14,2002.121834,5.7490746221267955e-11,1143.3808319684006,nan,nan
2002-02-19,2002.135524,5.511354057292128e-11,1114.3155002696753,nan,nan
2002-02-24,2002.149213,5.087619277169943e-11,1068.590905125889,nan,nan
2002-03-01,2002.162902,5.74844696001285e-11,1126.746907538689,nan,nan
2002-03-06,2002.176591,5.8565494457394e-11,1132.6600942571588,nan,nan
2002-03-11,2002.190281,4.976891601096846e-11,1047.0418638089122,nan,nan
2002-03-16,2002.203970,5.117002434175949e-11,1051.7890860784237,nan,nan
2002-03-21,2002.217659,6.088843015528312e-11,1133.9849939403516,nan,nan
2002-03-26,2002.231348,5.4425837323820014e-11,1074.199302741647,nan,nan
2002-03-31,2002.245038,5.5303721977499565e-11,1081.4540166116728,nan,nan
2002-04-05,2002.258727,4.8655575358587075e-11,1024.3147571148922,nan,nan
2002-04-10,2002.272416,5.326897812311704e-11,1068.706223716942,nan,nan
2002-04-15,2002.286105,6.22491005847035e-11,1156.891291992423,nan,nan
2002-04-20,2002.299795,7.148063273052008e-11,1255.2025185199982,nan,nan
2002-04-25,2002.313484,5.158231393434326e-11,1074.5259439341357,nan,nan
2002-04-30,2002.327173,4.7273189990556436e-11,1042.051688261958,nan,nan
2002-05-05,2002.340862,4.633647905514467e-11,1042.813295327135,nan,nan
2002-05-10,2002.354552,4.6588496522357456e-11,1055.929385962306,nan,nan
2002-05-15,2002.368241,5.125666516878403e-11,1109.3677268647377,nan,nan
2002-05-20,2002.381930,3.563437602161673e-11,955.2421671345058,nan,nan
2002-05-25,2002.395619,3.8073161679731086e-11,988.2952392143709,nan,nan
2002-05-30,2002.409309,4.173704807943646e-11,1034.3735116288808,nan,nan
2002-06-04,2002.422998,3.90756703505675e-11,1015.7191784351612,nan,nan
2002-06-09,2002.436687,4.1649040068474865e-11,1056.9828104221042,nan,nan
2002-06-14,2002.450376,3.317197762923366e-11,976.1828276099318,nan,nan
2002-06-19,2002.464066,3.3868818629400395e-11,1001.5709397600243,nan,nan
2002-06-24,2002.477755,3.157891585882583e-11,990.2933012674528,nan,nan
2002-06-29,2002.491444,2.926081425841268e-11,969.973477247396,nan,nan
2002-07-04,2002.505133,2.8490799446782672e-11,961.6995867187676,nan,nan
2002-07-09,2002.518823,2.767978832311988e-11,958.8547050616768,nan,nan
2002-07-14,2002.532512,2.6119124368727682e-11,948.0681363718874,nan,nan
2002-07-19,2002.546201,2.7990139390250004e-11,980.8236621567544,nan,nan
2002-07-24,2002.559890,3.403832341771022e-11,1072.3118050671555,nan,nan
2002-07-29,2002.573580,3.5912977537264756e-11,1106.1168264229714,nan,nan
2002-08-03,2002.587269,3.50475326469612e-11,1101.7571895952392,nan,nan
2002-08-08,2002.600958,2.5921453371283422e-11,973.3510792816213,nan,nan
2002-08-13,2002.614648,2.8967404156478382e-11,1014.6268377273028,nan,nan
2002-08-18,2002.628337,3.554801289429207e-11,1102.859761315616,nan,nan
2002-08-23,2002.642026,3.7774454793620016e-11,1122.8608239020843,nan,nan
2002-08-28,2002.655715,3.4908503234755106e-11,1064.5912147508614,nan,nan
2002-09-02,2002.669405,3.3130132180637044e-11,1014.9008656375227,nan,nan
2002-09-07,2002.683094,3.666870058513776e-11,1031.1285207991587,nan,nan
2002-09-12,2002.696783,5.685185480808463e-11,1237.626333494957,nan,nan
2002-09-17,2002.710472,4.324816333021119e-11,1069.2198930874688,nan,nan
2002-09-22,2002.724162,4.24094710862517e-11,1050.2458798686148,nan,nan
2002-09-27,2002.737851,3.6724013574441574e-11,975.3955266204778,nan,nan
2002-10-02,2002.751540,5.2913058323126787e-11,1128.829725360181,nan,nan
2002-10-07,2002.765229,3.522393131327581e-11,942.8297660874347,nan,nan
2002-10-12,2002.778919,4.4609749281415535e-11,1034.12160023426,nan,nan
2002-10-17,2002.792608,4.9086655717562596e-11,1069.6680303057879,nan,nan
2002-10-22,2002.806297,4.398134812158405e-11,1015.7032574818306,nan,nan
2002-10-27,2002.819986,4.554192861101153e-11,1026.3600505364402,nan,nan
2002-11-01,2002.833676,4.727509398178644e-11,1041.350732372195,nan,nan
2002-11-06,2002.847365,4.766453299683374e-11,1045.6870046750287,nan,nan
2002-11-11,2002.861054,4.56949738053799e-11,1032.2945579671589,nan,nan
2002-11-16,2002.874743,4.2050220487286597e-11,999.9997121849906,nan,nan
2002-11-21,2002.888433,5.362017233668258e-11,1115.175700334545,nan,nan
2002-11-26,2002.902122,4.085187829847176e-11,994.1161432019139,nan,nan
2002-12-01,2002.915811,3.816662091007994e-11,973.3106042957317,nan,nan
2002-12-06,2002.929500,3.808514417202627e-11,977.72959409134,nan,nan
2002-12-11,2002.943190,3.843086610406933e-11,981.9005915320824,nan,nan
2002-12-16,2002.956879,3.9145480786541413e-11,991.9388160841993,nan,nan
2002-12-21,2002.970568,5.50126663833634e-11,1157.17555596085,nan,nan
2002-12-26,2002.984257,3.7631457504298e-11,978.9821481040495,nan,nan
2002-12-31,2002.997947,2.887830831556045e-11,885.2083777600692,nan,nan
2003-01-05,2003.011636,3.050627142770112e-11,901.9278871237905,nan,nan
2003-01-10,2003.025325,3.3411248163316764e-11,931.6085052179567,nan,nan
2003-01-15,2003.039014,3.7149859288460483e-11,971.8479102426606,nan,nan
2003-01-20,2003.052704,3.806449771958643e-11,983.6967392064978,nan,nan
2003-01-25,2003.066393,3.3633312928118584e-11,940.6524356914339,nan,nan
2003-01-30,2003.080082,3.312860834328254e-11,928.5156844652508,nan,nan
2003-02-04,2003.093771,3.2309392994527407e-11,916.4121294196004,nan,nan
2003-02-09,2003.107461,3.379249168012577e-11,934.1001613132576,nan,nan
2003-02-14,2003.121150,2.9381530709158286e-11,886.8669936998501,nan,nan
2003-02-19,2003.134839,2.850820054749875e-11,876.1384458906455,nan,nan
2003-02-24,2003.148528,2.4463540819231436e-11,828.0227256545868,nan,nan
2003-03-01,2003.162218,3.1108340211964736e-11,897.2203684706113,nan,nan
2003-03-06,2003.175907,3.87032768744622e-11,972.1765766484981,nan,nan
2003-03-11,2003.189596,3.994837558886455e-11,979.939116832649,nan,nan
2003-03-16,2003.203285,3.714111093646066e-11,950.4192781904154,nan,nan
2003-03-21,2003.216975,3.2066782674128265e-11,897.3398743395339,nan,nan
2003-03-26,2003.230664,2.167288313952863e-11,788.7482469456113,nan,nan
2003-03-31,2003.244353,4.163879459482389e-11,997.9751105457523,nan,nan
2003-04-05,2003.258042,4.121225911616957e-11,993.525295761009,nan,nan
2003-04-10,2003.271732,3.14193679713545e-11,896.0811332342512,nan,nan
2003-04-15,2003.285421,2.944498333111548e-11,874.396367540463,nan,nan
2003-04-20,2003.299110,2.636459306463649e-11,843.7105637519414,nan,nan
2003-04-25,2003.312799,3.7992949629329174e-11,967.966428295829,nan,nan
2003-04-30,2003.326489,4.1586966301384796e-11,1010.377687426507,nan,nan
2003-05-05,2003.340178,2.8119216073618307e-11,880.8081469070196,nan,nan
2003-05-10,2003.353867,2.7816459838506662e-11,882.3984670285547,nan,nan
2003-05-15,2003.367556,2.96308213135214e-11,907.4945770031417,nan,nan
2003-05-20,2003.381246,2.6947427403972415e-11,884.3931897375767,nan,nan
2003-05-25,2003.394935,3.393965675515578e-11,973.8274510657773,nan,nan
2003-05-30,2003.408624,4.295722418342553e-11,1089.3579379521796,nan,nan
2003-06-04,2003.422313,2.7169835599631485e-11,912.6449584321607,nan,nan
2003-06-09,2003.436003,2.9783019818873636e-11,953.0985798247875,nan,nan
2003-06-14,2003.449692,2.6786931356986128e-11,923.8906303175256,nan,nan
2003-06-19,2003.463381,3.418112361012234e-11,1022.3347449171524,nan,nan
2003-06-24,2003.477070,2.3739904258639515e-11,893.2526436436101,nan,nan
2003-06-29,2003.490760,2.8705913300098673e-11,967.003056817016,nan,nan
2003-07-04,2003.504449,2.7116437548551102e-11,954.6164218118158,nan,nan
2003-07-09,2003.518138,2.1391900744406628e-11,880.8294523184607,nan,nan
2003-07-14,2003.531828,2.5914702501626875e-11,947.7433328361798,nan,nan
2003-07-19,2003.545517,2.4465540309803387e-11,925.7940318085648,nan,nan
2003-07-24,2003.559206,2.7410756578676136e-11,955.4188665983945,nan,nan
2003-07-29,2003.572895,2.519490294252776e-11,919.9412109222557,nan,nan
2003-08-03,2003.586585,2.322933965883314e-11,888.806001975287,nan,nan
2003-08-08,2003.600274,2.845864725932788e-11,953.1212265042781,nan,nan
2003-08-13,2003.613963,2.7015313371306536e-11,928.3128657237739,nan,nan
2003-08-18,2003.627652,2.630819073734389e-11,912.4438628108027,nan,nan
2003-08-23,2003.641342,2.9548719342994494e-11,945.9271587550021,nan,nan
2003-08-28,2003.655031,2.439393525743427e-11,874.0381128922495,nan,nan
2003-09-02,2003.668720,2.6674343719281932e-11,891.2121469613304,nan,nan
2003-09-07,2003.682409,2.3721105668248108e-11,847.1553639415047,nan,nan
2003-09-12,2003.696099,2.357572099493737e-11,840.2343245749896,nan,nan
2003-09-17,2003.709788,2.7068065872102566e-11,881.4727375494161,nan,nan
2003-09-22,2003.723477,2.7692010530312532e-11,895.806709086274,nan,nan
2003-09-27,2003.737166,3.0993783194629014e-11,930.8733710566235,nan,nan
2003-10-02,2003.750856,2.828907598405686e-11,891.6823231937905,nan,nan
2003-10-07,2003.764545,2.7354271279368072e-11,876.1155098344495,nan,nan
2003-10-12,2003.778234,2.2143493216709657e-11,815.128391746937,nan,nan
2003-10-17,2003.791923,3.032962400633541e-11,910.8386361803668,nan,nan
2003-10-22,2003.805613,3.5017154619613594e-11,962.088334120813,nan,nan
2003-10-27,2003.819302,3.3309735478382764e-11,941.863137439785,nan,nan
2003-11-01,2003.832991,4.866796346310102e-11,1102.7627717310606,nan,nan
2003-11-06,2003.846680,3.49718476924118e-11,959.7165802287632,nan,nan
2003-11-11,2003.860370,2.753406097298269e-11,880.738416199239,nan,nan
2003-11-16,2003.874059,3.123174128129793e-11,925.0324448985848,nan,nan
2003-11-21,2003.887748,5.7506709670256564e-11,1216.1370431383834,nan,nan
2003-11-26,2003.901437,3.789993880699648e-11,1011.3922077441225,nan,nan
2003-12-01,2003.915127,3.8771426351876676e-11,1033.9066588042142,nan,nan
2003-12-06,2003.928816,3.317686778939652e-11,972.148950712266,nan,nan
2003-12-11,2003.942505,2.6957322623618962e-11,888.6339946977935,nan,nan
2003-12-16,2003.956194,2.231085431212531e-11,829.1539473759422,nan,nan
2003-12-21,2003.969884,3.214598358175867e-11,947.9514303676943,nan,nan
2003-12-26,2003.983573,2.8161947346596124e-11,906.2281427233802,nan,nan
2003-12-31,2003.997262,2.3153216927453735e-11,848.1869884166646,nan,nan
2004-01-05,2004.010951,2.5193776655325172e-11,870.4995352188603,nan,nan
2004-01-10,2004.024641,2.4038404412784776e-11,853.8270243154609,nan,nan
2004-01-15,2004.038330,2.095190504370312e-11,815.6160802397579,nan,nan
2004-01-20,2004.052019,2.8692821325903232e-11,911.8460580138103,nan,nan
2004-01-25,2004.065708,2.9449564203960495e-11,919.9102385961814,nan,nan
2004-01-30,2004.079398,1.6784786760844898e-11,761.329933084689,nan,nan
2004-02-04,2004.093087,2.2525487491683996e-11,834.9902107978867,nan,nan
2004-02-09,2004.106776,1.888392617836128e-11,787.0698198868329,nan,nan
2004-02-14,2004.120465,2.7054732476124354e-11,883.7336986083192,nan,nan
2004-02-19,2004.134155,2.4535367788590673e-11,847.7497875084524,nan,nan
2004-02-24,2004.147844,2.1540697677074976e-11,806.0627618781712,nan,nan
2004-02-29,2004.161533,2.4936571913187293e-11,840.4180611651093,nan,nan
2004-03-05,2004.175222,2.0216036463309375e-11,781.2061077551339,nan,nan
2004-03-10,2004.188912,3.6907147044684115e-11,959.6491190445065,nan,nan
2004-03-15,2004.202601,2.332645473079183e-11,812.6569490808629,nan,nan
2004-03-20,2004.216290,2.355569238417027e-11,812.1132920148989,nan,nan
2004-03-25,2004.229979,2.3178617150209912e-11,805.1288150166481,nan,nan
2004-03-30,2004.243669,3.204980990227723e-11,897.8487614756685,nan,nan
2004-04-04,2004.257358,4.0856033533627984e-11,985.842223191468,nan,nan
2004-04-09,2004.271047,2.4692528301567604e-11,821.9890385564954,nan,nan
2004-04-14,2004.284736,2.0438875622975865e-11,774.4997432012728,nan,nan
2004-04-19,2004.298426,2.3309457183796144e-11,809.2371459158267,nan,nan
2004-04-24,2004.312115,2.904117440749973e-11,874.0228378585023,nan,nan
2004-04-29,2004.325804,2.607871601718706e-11,846.3490639848351,nan,nan
2004-05-04,2004.339493,2.11234216931692e-11,794.3218807991491,nan,nan
2004-05-09,2004.353183,1.957803185273897e-11,781.013667897277,nan,nan
2004-05-14,2004.366872,2.0198104903140973e-11,794.8383429924356,nan,nan
2004-05-19,2004.380561,2.0063505252072943e-11,799.7783959016741,nan,nan
2004-05-24,2004.394251,2.1649820650468965e-11,826.9316526641819,nan,nan
2004-05-29,2004.407940,1.9964549926959546e-11,812.5023390649251,nan,nan
2004-06-03,2004.421629,1.9450751741252104e-11,813.0703585598867,nan,nan
2004-06-08,2004.435318,1.637446864858502e-11,777.9587736619991,nan,nan
2004-06-13,2004.449008,1.4521047054461932e-11,758.6714291843878,nan,nan
2004-06-18,2004.462697,1.813359127054206e-11,822.7432682423257,nan,nan
2004-06-23,2004.476386,1.63029780471698e-11,801.5858641427963,nan,nan
2004-06-28,2004.490075,1.667792334439138e-11,811.9259506159829,nan,nan
2004-07-03,2004.503765,1.5461763348937495e-11,797.2902902813626,nan,nan
2004-07-08,2004.517454,1.2226862686870444e-11,746.9886538693697,nan,nan
2004-07-13,2004.531143,1.5263644634272046e-11,803.5162248631716,nan,nan
2004-07-18,2004.544832,1.9915063208186562e-11,881.3232479988208,nan,nan
2004-07-23,2004.558522,2.9411985290528915e-11,1024.646358101604,nan,nan
2004-07-28,2004.572211,2.754333379920932e-11,994.3690788561836,nan,nan
2004-08-02,2004.585900,1.3356151991652862e-11,769.4795102118546,nan,nan
2004-08-07,2004.599589,1.3500681087203717e-11,769.1277929185928,nan,nan
2004-08-12,2004.613279,1.87070214388882e-11,851.3738920222867,nan,nan
2004-08-17,2004.626968,2.038707253964253e-11,872.6110326355554,nan,nan
2004-08-22,2004.640657,2.030534600791583e-11,864.7146573031745,nan,nan
2004-08-27,2004.654346,1.805936784444067e-11,820.5110361424545,nan,nan
2004-09-01,2004.668036,1.9216451259571062e-11,824.5480298833277,nan,nan
2004-09-06,2004.681725,1.9894896501066315e-11,821.6445325619807,nan,nan
2004-09-11,2004.695414,1.8043104830287996e-11,788.902190153359,nan,nan
2004-09-16,2004.709103,2.4404551779039852e-11,865.5346078989364,nan,nan
2004-09-21,2004.722793,2.033125617536047e-11,809.0088394542295,nan,nan
2004-09-26,2004.736482,1.6923381680385217e-11,758.0076558364194,nan,nan
2004-10-01,2004.750171,1.652662531665607e-11,749.1698161791587,nan,nan
2004-10-06,2004.763860,1.7707064273823677e-11,760.263724501687,nan,nan
2004-10-11,2004.777550,1.833603889322233e-11,765.6324806314846,nan,nan
2004-10-16,2004.791239,1.9289789514011667e-11,774.6679143174049,nan,nan
2004-10-21,2004.804928,2.569627231365587e-11,846.3235452385289,nan,nan
2004-10-26,2004.818617,2.7895664921141166e-11,868.1365434799275,nan,nan
2004-10-31,2004.832307,2.902945662475762e-11,879.4106851358348,nan,nan
2004-11-05,2004.845996,2.410003085778294e-11,825.8008302273275,nan,nan
2004-11-10,2004.859685,4.844115756609918e-11,1079.5075667245126,nan,nan
2004-11-15,2004.873374,2.0559182378465343e-11,788.1303947625013,nan,nan
2004-11-20,2004.887064,2.0965566516615576e-11,795.5106692219331,nan,nan
2004-11-25,2004.900753,2.1938746805781522e-11,810.226542319959,nan,nan
2004-11-30,2004.914442,2.571920079694524e-11,856.6072690516532,nan,nan
2004-12-05,2004.928131,1.6606006543115015e-11,747.3367489695443,nan,nan
2004-12-10,2004.941821,1.8183616855462356e-11,771.8827145500111,nan,nan
2004-12-15,2004.955510,1.632604633957205e-11,748.3286914005317,nan,nan
2004-12-20,2004.969199,1.3373411078047912e-11,705.3466093317536,nan,nan
2004-12-25,2004.982888,1.840460459312771e-11,775.6864121192724,nan,nan
2004-12-30,2004.996578,2.0552598566127636e-11,804.8576398207019,nan,nan
2005-01-04,2005.010267,2.3635655857492634e-11,845.1805317646972,nan,nan
2005-01-09,2005.023956,1.6949739893399757e-11,761.530056795079,nan,nan
2005-01-14,2005.037645,2.115169428444164e-11,816.7064500506958,nan,nan
2005-01-19,2005.051335,3.9153300266668373e-11,1024.3659296756948,nan,nan
2005-01-24,2005.065024,2.5926867792206226e-11,873.9662310216461,nan,nan
2005-01-29,2005.078713,1.5641910752510248e-11,742.0102100011961,nan,nan
2005-02-03,2005.092402,1.856771444631371e-11,779.7248527938656,nan,nan
2005-02-08,2005.106092,2.2402201450582594e-11,826.0110912516202,nan,nan
2005-02-13,2005.119781,1.930056456913055e-11,783.897707220831,nan,nan
2005-02-18,2005.133470,2.268698979984179e-11,822.6748297426623,nan,nan
2005-02-23,2005.147159,1.776641833270048e-11,758.789982610806,nan,nan
2005-02-28,2005.160849,1.553529189939468e-11,723.2733427818566,nan,nan
2005-03-05,2005.174538,1.3751842897903115e-11,694.5411578955495,nan,nan
2005-03-10,2005.188227,2.3234952618855498e-11,809.3317832923296,nan,nan
2005-03-15,2005.201916,2.4602800799799062e-11,821.2418633885306,nan,nan
2005-03-20,2005.215606,1.7591062998369918e-11,738.8438876707655,nan,nan
2005-03-25,2005.229295,1.8151147300356266e-11,745.4648117722415,nan,nan
2005-03-30,2005.242984,1.6778533929969632e-11,727.8966126292933,nan,nan
2005-04-04,2005.256674,1.6489286821898383e-11,725.5358744363016,nan,nan
2005-04-09,2005.270363,1.7726355263464882e-11,742.2391322260492,nan,nan
2005-04-14,2005.284052,2.880417739913309e-11,867.258813980463,nan,nan
2005-04-19,2005.297741,1.9573889427194845e-11,766.6297576032496,nan,nan
2005-04-24,2005.311431,1.8677729732826722e-11,757.806860583742,nan,nan
2005-04-29,2005.325120,1.7737734763407645e-11,749.4652348857336,nan,nan
2005-05-04,2005.338809,2.2769436437341415e-11,816.7224655607538,nan,nan
2005-05-09,2005.352498,3.699772234023296e-11,980.8674362008462,nan,nan
2005-05-14,2005.366188,2.7465426010664264e-11,885.4405325214503,nan,nan
2005-05-19,2005.379877,1.9937770789776407e-11,801.0577196428243,nan,nan
2005-05-24,2005.393566,1.707970607710461e-11,770.0516897684815,nan,nan
2005-05-29,2005.407255,2.173633359582757e-11,840.7766105142184,nan,nan
2005-06-03,2005.420945,1.864708449953083e-11,807.1122341662805,nan,nan
2005-06-08,2005.434634,1.880804989874394e-11,816.0204728936541,nan,nan
2005-06-13,2005.448323,3.358090535283646e-11,1016.4965687659582,nan,nan
2005-06-18,2005.462012,1.721874974335045e-11,803.8089751397436,nan,nan
2005-06-23,2005.475702,1.3161200095041257e-11,744.1859703820626,nan,nan
2005-06-28,2005.489391,1.2864543124378838e-11,742.3581866120325,nan,nan
2005-07-03,2005.503080,1.7681203535001027e-11,823.9837427635039,nan,nan
2005-07-08,2005.516769,1.9672029701477597e-11,858.2203993766412,nan,nan
2005-07-13,2005.530459,2.0306374067899737e-11,871.1634766340519,nan,nan
2005-07-18,2005.544148,1.5652066080040373e-11,800.0907336949527,nan,nan
2005-07-23,2005.557837,1.4295212663970044e-11,775.3006854310806,nan,nan
2005-07-28,2005.571526,1.419294680268418e-11,770.9743677277922,nan,nan
2005-08-02,2005.585216,1.9521996175806395e-11,852.4872984570156,nan,nan
2005-08-07,2005.598905,1.949677341082809e-11,850.9968315953912,nan,nan
2005-08-12,2005.612594,1.127344768188905e-11,714.9608870457918,nan,nan
2005-08-17,2005.626283,1.2379347528454376e-11,728.5025839265188,nan,nan
2005-08-22,2005.639973,2.0465445171587473e-11,846.1276859490823,nan,nan
2005-08-27,2005.653662,1.5726715023810756e-11,771.6166597589224,nan,nan
2005-09-01,2005.667351,3.138391993882282e-11,971.5720636612589,nan,nan
2005-09-06,2005.681040,1.4262446154879582e-11,737.0452383751203,nan,nan
2005-09-11,2005.694730,2.3508729102729403e-11,855.6613341660365,nan,nan
2005-09-16,2005.708419,2.7374456393228996e-11,893.745600750711,nan,nan
2005-09-21,2005.722108,1.745701964431697e-11,764.5507315788848,nan,nan
2005-09-26,2005.735797,1.6241717358850372e-11,743.0785971873569,nan,nan
2005-10-01,2005.749487,1.55314110598798e-11,727.9277112526617,nan,nan
2005-10-06,2005.763176,1.363699201527651e-11,697.5130116131077,nan,nan
2005-10-11,2005.776865,1.4769478613038916e-11,712.9919693537678,nan,nan
2005-10-16,2005.790554,1.3738087843730637e-11,698.2075918300523,nan,nan
2005-10-21,2005.804244,1.4386660936441023e-11,705.0581024669618,nan,nan
2005-10-26,2005.817933,1.8538188739504624e-11,756.5766351861681,nan,nan
2005-10-31,2005.831622,1.3312138291929183e-11,686.6874989132314,nan,nan
2005-11-05,2005.845311,1.91678692058349e-11,764.3436987286009,nan,nan
2005-11-10,2005.859001,1.5073909595171596e-11,714.1990942244813,nan,nan
2005-11-15,2005.872690,1.480233785029128e-11,712.4042854137288,nan,nan
2005-11-20,2005.886379,2.2038668905785466e-11,805.4605413898691,nan,nan
2005-11-25,2005.900068,1.724796824717572e-11,749.1208240552314,nan,nan
2005-11-30,2005.913758,1.5669702746889262e-11,731.0105480057794,nan,nan
2005-12-05,2005.927447,1.74251164227542e-11,757.828599185337,nan,nan
2005-12-10,2005.941136,1.554913958778953e-11,735.7949114906723,nan,nan
2005-12-15,2005.954825,1.2767144763519113e-11,698.5867544121222,nan,nan
2005-12-20,2005.968515,1.5581344344598593e-11,742.7490727422769,nan,nan
2005-12-25,2005.982204,1.48168146855329e-11,734.3981682265269,nan,nan
2005-12-30,2005.995893,1.8738806950514283e-11,789.6550999212011,nan,nan
2006-01-04,2006.009582,1.5826311024839373e-11,750.4817169039038,nan,nan
2006-01-09,2006.023272,1.3433177459012914e-11,716.5927532730295,nan,nan
2006-01-14,2006.036961,1.273410251774074e-11,705.5757929223835,nan,nan
2006-01-19,2006.050650,1.532000005182337e-11,743.921079919699,nan,nan
2006-01-24,2006.064339,1.6923392872134743e-11,765.8869476476026,nan,nan
2006-01-29,2006.078029,1.3217513686003823e-11,710.8331148666293,nan,nan
2006-02-03,2006.091718,1.1946412566274864e-11,689.3839906345055,nan,nan
2006-02-08,2006.105407,1.1187332257433257e-11,675.2639115676218,nan,nan
2006-02-13,2006.119097,1.227112586700829e-11,691.5166062366018,nan,nan
2006-02-18,2006.132786,1.2679181186476365e-11,696.2301316545768,nan,nan
2006-02-23,2006.146475,1.7180920018339166e-11,758.1724861821696,nan,nan
2006-02-28,2006.160164,1.1359350837584202e-11,672.4752451381571,nan,nan
2006-03-05,2006.173854,1.0983834561059591e-11,663.5934712368285,nan,nan
2006-03-10,2006.187543,1.2731216719287038e-11,687.0961127966563,nan,nan
2006-03-15,2006.201232,1.1699443096007439e-11,669.558512048578,nan,nan
2006-03-20,2006.214921,1.6694461075149274e-11,738.4748448767259,nan,nan
2006-03-25,2006.228611,1.420334812104845e-11,703.3169468580062,nan,nan
2006-03-30,2006.242300,1.381231538472488e-11,696.2225317126579,nan,nan
2006-04-04,2006.255989,1.536971666981326e-11,716.5341788809044,nan,nan
2006-04-09,2006.269678,1.712310874088467e-11,739.5510979495225,nan,nan
2006-04-14,2006.283368,2.2637668982649193e-11,807.1608847212523,nan,nan
2006-04-19,2006.297057,1.4963357377246344e-11,713.724959821064,nan,nan
2006-04-24,2006.310746,1.6407852224045894e-11,734.6401264845799,nan,nan
2006-04-29,2006.324435,1.6857027588628655e-11,743.423360484031,nan,nan
2006-05-04,2006.338125,1.73783129809478e-11,754.1357265756365,nan,nan
2006-05-09,2006.351814,1.5680312427046848e-11,736.0234831523402,nan,nan
2006-05-14,2006.365503,1.4367878539115627e-11,721.9570143687197,nan,nan
2006-05-19,2006.379192,1.8890923898059876e-11,788.7161119915862,nan,nan
2006-05-24,2006.392882,1.3293978533063796e-11,716.0774272295284,nan,nan
2006-05-29,2006.406571,1.442813315165813e-11,739.8158183452476,nan,nan
2006-06-03,2006.420260,1.4396658129736448e-11,745.851376956101,nan,nan
2006-06-08,2006.433949,1.5217201925129218e-11,764.1836975120185,nan,nan
2006-06-13,2006.447639,1.1735582915524546e-11,713.8043137884891,nan,nan
2006-06-18,2006.461328,1.2369020198809278e-11,730.6098040851996,nan,nan
2006-06-23,2006.475017,1.0617110828536829e-11,704.1487001967025,nan,nan
2006-06-28,2006.488706,1.1308148801756361e-11,721.1653717194409,nan,nan
2006-07-03,2006.502396,1.1033853299973105e-11,719.7567809506868,nan,nan
2006-07-08,2006.516085,1.2601065285891063e-11,752.1088093272497,nan,nan
2006-07-13,2006.529774,1.1300369690271541e-11,731.673849860965,nan,nan
2006-07-18,2006.543463,9.077507051511705e-12,689.0799596017778,nan,nan
2006-07-23,2006.557153,9.282754248047793e-12,693.4053624434848,nan,nan
2006-07-28,2006.570842,1.1071427197874978e-11,728.6207628964715,nan,nan
2006-08-02,2006.584531,1.2915411027790509e-11,761.0094863493591,nan,nan
2006-08-07,2006.598220,9.749762659769448e-12,698.7422855909724,nan,nan
2006-08-12,2006.611910,1.0375595827314007e-11,707.6488288660515,nan,nan
2006-08-17,2006.625599,9.779517459898126e-12,692.1981240287627,nan,nan
2006-08-22,2006.639288,1.3826057664510623e-11,760.6133641012584,nan,nan
2006-08-27,2006.652977,1.0007732065761656e-11,688.507361542662,nan,nan
2006-09-01,2006.666667,1.3102583054627879e-11,737.3042451417591,nan,nan
2006-09-06,2006.680356,1.4156019272511378e-11,748.3017728828737,nan,nan
2006-09-11,2006.694045,1.39159496724524e-11,739.2576060504193,nan,nan
2006-09-16,2006.707734,1.1316373339237477e-11,692.5483144640461,nan,nan
2006-09-21,2006.721424,1.1186399547413341e-11,685.5575642709509,nan,nan
2006-09-26,2006.735113,1.1319580253539247e-11,683.1409706352883,nan,nan
2006-10-01,2006.748802,1.3924134109352362e-11,718.6020240439491,nan,nan
2006-10-06,2006.762491,1.2415959600829348e-11,692.806742685337,nan,nan
2006-10-11,2006.776181,1.2604080978022001e-11,693.434160102498,nan,nan
2006-10-16,2006.789870,1.3623633959711237e-11,705.924274813339,nan,nan
2006-10-21,2006.803559,1.5199626705499825e-11,726.538041934348,nan,nan
2006-10-26,2006.817248,1.196453086918146e-11,679.0153404471513,nan,nan
2006-10-31,2006.830938,1.3714075564840243e-11,705.8486674735354,nan,nan
2006-11-05,2006.844627,1.5315885421271025e-11,729.6011817429408,nan,nan
2006-11-10,2006.858316,1.8784056171566617e-11,777.2462774994915,nan,nan
2006-11-15,2006.872005,1.5365601034109085e-11,733.4862990171384,nan,nan
2006-11-20,2006.885695,1.3311951870198036e-11,706.4411939597776,nan,nan
2006-11-25,2006.899384,1.3935359273778727e-11,718.7971597558209,nan,nan
2006-11-30,2006.913073,1.2662045086830235e-11,702.642730430244,nan,nan
2006-12-05,2006.926762,1.1472451154836693e-11,686.7829285786258,nan,nan
2006-12-10,2006.940452,1.6644742254692744e-11,768.5617108707538,nan,nan
2006-12-15,2006.954141,2.0837390045624573e-11,828.6695877399026,nan,nan
2006-12-20,2006.967830,1.2960615158079426e-11,719.7443692207501,nan,nan
2006-12-25,2006.981520,1.4444832807175086e-11,745.9144417551596,nan,nan
2006-12-30,2006.995209,1.0601751224989571e-11,685.1103498691605,nan,nan
2007-01-04,2007.008898,1.736287337223203e-11,794.1559899267211,nan,nan
2007-01-09,2007.022587,1.1766030868713845e-11,708.6576640276614,nan,nan
2007-01-14,2007.036277,1.001508154436318e-11,678.4306219772188,nan,nan
2007-01-19,2007.049966,1.4520828144943692e-11,753.4591406949739,nan,nan
2007-01-24,2007.063655,9.990530248654665e-12,676.7922495012181,nan,nan
2007-01-29,2007.077344,9.994960534656246e-12,675.6410116147192,nan,nan
2007-02-03,2007.091034,1.2086014340453793e-11,710.7915768881791,nan,nan
2007-02-08,2007.104723,1.30947758109017e-11,725.5552075439259,nan,nan
2007-02-13,2007.118412,1.3085111284734764e-11,723.0746350035965,nan,nan
2007-02-18,2007.132101,1.2224153276052427e-11,706.1544994175231,nan,nan
2007-02-23,2007.145791,1.1520033421932388e-11,691.2867718066872,nan,nan
2007-02-28,2007.159480,1.44740167718138e-11,733.8960279692989,nan,nan
2007-03-05,2007.173169,1.043871328386564e-11,667.4007846559093,nan,nan
2007-03-10,2007.186858,1.0781403696821103e-11,670.4035479139964,nan,nan
2007-03-15,2007.200548,1.2753746289248884e-11,698.6899577685126,nan,nan
2007-03-20,2007.214237,1.0161037867308045e-11,654.9624668389604,nan,nan
2007-03-25,2007.227926,1.2677099869754884e-11,693.8758097943414,nan,nan
2007-03-30,2007.241615,1.1748570621539056e-11,678.4633582118865,nan,nan
2007-04-04,2007.255305,1.727598654214677e-11,756.4490752861964,nan,nan
2007-04-09,2007.268994,1.1514095496384448e-11,674.0300298832232,nan,nan
2007-04-14,2007.282683,9.489522088451214e-12,641.0796168818367,nan,nan
2007-04-19,2007.296372,1.1958794276934833e-11,682.4107998636582,nan,nan
2007-04-24,2007.310062,1.1938250882219848e-11,683.7890078142632,nan,nan
2007-04-29,2007.323751,1.7536957725879916e-11,767.1227596791764,nan,nan
2007-05-04,2007.337440,1.3820745053965994e-11,718.0378910232084,nan,nan
2007-05-09,2007.351129,1.3872328032403173e-11,722.6213247514113,nan,nan
2007-05-14,2007.364819,1.0670222918231676e-11,676.0591278795737,nan,nan
2007-05-19,2007.378508,1.4766392216495684e-11,746.4944111249645,nan,nan
2007-05-24,2007.392197,1.2826197258461153e-11,722.1178915172188,nan,nan
2007-05-29,2007.405886,8.764472427726772e-12,655.2624409511199,nan,nan
2007-06-03,2007.419576,1.171398023591151e-11,714.8033192669806,nan,nan
2007-06-08,2007.433265,1.1461732244653489e-11,715.9607797109479,nan,nan
2007-06-13,2007.446954,1.0273665529467935e-11,699.0849671587221,nan,nan
2007-06-18,2007.460643,9.625595570426248e-12,691.2934656387871,nan,nan
2007-06-23,2007.474333,9.32476136229088e-12,689.5483863228164,nan,nan
2007-06-28,2007.488022,8.854501921022065e-12,683.5400057582356,nan,nan
2007-07-03,2007.501711,8.889391162366337e-12,687.4687069010338,nan,nan
2007-07-08,2007.515400,8.929551257226333e-12,691.1039902249807,nan,nan
2007-07-13,2007.529090,8.906595173686317e-12,692.5136248913332,nan,nan
2007-07-18,2007.542779,8.420182856309872e-12,682.922225228959,nan,nan
2007-07-23,2007.556468,7.778438866908998e-12,669.1191513223848,nan,nan
2007-07-28,2007.570157,8.360920577781703e-12,682.0847161209992,nan,nan
2007-08-02,2007.583847,1.0276323559820223e-11,721.0872594098848,nan,nan
2007-08-07,2007.597536,1.0329626117032504e-11,719.6902957616142,nan,nan
2007-08-12,2007.611225,9.575626473246237e-12,701.0380954938872,nan,nan
2007-08-17,2007.624914,8.157805355461142e-12,667.605943996205,nan,nan
2007-08-22,2007.638604,8.639575610018525e-12,673.8507936762219,nan,nan
2007-08-27,2007.652293,1.0893533406307819e-11,713.3597703457638,nan,nan
2007-09-01,2007.665982,9.229703981444044e-12,676.664226830527,nan,nan
2007-09-06,2007.679671,9.196614424827632e-12,670.8280412803747,nan,nan
2007-09-11,2007.693361,8.236532660925478e-12,646.8999516895847,nan,nan
2007-09-16,2007.707050,9.506005333278457e-12,666.9505730320572,nan,nan
2007-09-21,2007.720739,1.2533362025437327e-11,714.4938963037047,nan,nan
2007-09-26,2007.734428,1.015862129614068e-11,669.9057207441742,nan,nan
2007-10-01,2007.748118,1.0748671355285357e-11,676.2143743969604,nan,nan
2007-10-06,2007.761807,9.656189398234148e-12,653.9062065433012,nan,nan
2007-10-11,2007.775496,8.678029312141292e-12,633.4070513352883,nan,nan
2007-10-16,2007.789185,9.72820969975075e-12,650.0839975969218,nan,nan
2007-10-21,2007.802875,1.2061336398887537e-11,686.9416148382631,nan,nan
2007-10-26,2007.816564,1.6435877209414736e-11,749.4651135397695,nan,nan
2007-10-31,2007.830253,1.283052562204928e-11,698.1365479249764,nan,nan
2007-11-05,2007.843943,1.2030447821081066e-11,687.3680846141197,nan,nan
2007-11-10,2007.857632,1.081493681100782e-11,669.3922282264843,nan,nan
2007-11-15,2007.871321,1.35558521080982e-11,714.4482386423526,nan,nan
2007-11-20,2007.885010,8.727501566656845e-12,636.8188811943078,nan,nan
2007-11-25,2007.898700,1.5014945568224752e-11,742.0969772199423,nan,nan
2007-11-30,2007.912389,1.0894462483017234e-11,680.8454123438229,nan,nan
2007-12-05,2007.926078,8.391138243006801e-12,638.622692103864,nan,nan
2007-12-10,2007.939767,1.0835063432388514e-11,686.7444211871507,nan,nan
2007-12-15,2007.953457,1.0789024659109856e-11,689.4094784931633,nan,nan
2007-12-20,2007.967146,1.0477552943766945e-11,687.3605237244938,nan,nan
2007-12-25,2007.980835,8.199620669857951e-12,646.5691855752613,nan,nan
2007-12-30,2007.994524,7.403491185705389e-12,632.1348035500461,nan,nan
2008-01-04,2008.008214,8.050384405671643e-12,647.822885150165,nan,nan
2008-01-09,2008.021903,1.359365270868389e-11,751.3062582402837,nan,nan
2008-01-14,2008.035592,1.2129744381514782e-11,728.1154531707521,nan,nan
2008-01-19,2008.049281,1.1476620708145641e-11,717.1921611263746,nan,nan
2008-01-24,2008.062971,8.73571746599619e-12,663.9706619200031,nan,nan
2008-01-29,2008.076660,8.076245142340941e-12,649.0804602632434,nan,nan
2008-02-03,2008.090349,1.0296552941003089e-11,691.3597310618616,nan,nan
2008-02-08,2008.104038,1.0419933163303838e-11,691.8377038886629,nan,nan
2008-02-13,2008.117728,1.1151201400859989e-11,702.4949573059214,nan,nan
2008-02-18,2008.131417,8.42220682718495e-12,649.3915947069879,nan,nan
2008-02-23,2008.145106,8.628149404255261e-12,651.3274987829286,nan,nan
2008-02-28,2008.158795,1.1514528813548476e-11,700.7191994013479,nan,nan
2008-03-04,2008.172485,9.619263147098725e-12,664.1824812156357,nan,nan
2008-03-09,2008.186174,1.3158334628506839e-11,720.8263652674825,nan,nan
2008-03-14,2008.199863,1.0636727547261914e-11,676.4019259129873,nan,nan
2008-03-19,2008.213552,1.0181736615036568e-11,665.927605443406,nan,nan
2008-03-24,2008.227242,1.0782352652230975e-11,673.7683874302832,nan,nan
2008-03-29,2008.240931,1.5326674876400557e-11,741.7403238644762,nan,nan
2008-04-03,2008.254620,1.0880520906064406e-11,672.0584691818653,nan,nan
2008-04-08,2008.268309,1.5528197417186257e-11,741.8312592487989,nan,nan
2008-04-13,2008.281999,1.0662600858940875e-11,667.5750338546,nan,nan
2008-04-18,2008.295688,1.1166386697361066e-11,676.4666667673907,nan,nan
2008-04-23,2008.309377,1.3608295536780964e-11,715.9170886768659,nan,nan
2008-04-28,2008.323066,1.18832995525583e-11,691.5153390226603,nan,nan
2008-05-03,2008.336756,9.982290799230694e-12,662.462898525284,nan,nan
2008-05-08,2008.350445,9.828840688977546e-12,662.6953848215694,nan,nan
2008-05-13,2008.364134,9.637306914930655e-12,662.7568062706661,nan,nan
2008-05-18,2008.377823,9.272824839027681e-12,660.2333539076943,nan,nan
2008-05-23,2008.391513,1.3394382756101456e-11,736.6631583228298,nan,nan
2008-05-28,2008.405202,9.434991557486275e-12,672.9252237599885,nan,nan
2008-06-02,2008.418891,1.1047230361797603e-11,708.4097064317805,nan,nan
2008-06-07,2008.432580,8.278048678089067e-12,660.0135024992799,nan,nan
2008-06-12,2008.446270,7.455217150090758e-12,647.210639902185,nan,nan
2008-06-17,2008.459959,1.0070705138865145e-11,706.9866853809259,nan,nan
2008-06-22,2008.473648,7.845433410109824e-12,664.9506562517963,nan,nan
2008-06-27,2008.487337,8.431030547410749e-12,681.9236646615516,nan,nan
2008-07-02,2008.501027,7.205619929025616e-12,657.441832103028,nan,nan
2008-07-07,2008.514716,6.655299444368105e-12,646.7545876605914,nan,nan
2008-07-12,2008.528405,7.148303431178527e-12,661.0254098041952,nan,nan
2008-07-17,2008.542094,7.37478944504238e-12,667.7811700295915,nan,nan
2008-07-22,2008.555784,7.317932380357893e-12,666.7047729623528,nan,nan
2008-07-27,2008.569473,6.938493044585644e-12,657.0289031755515,nan,nan
2008-08-01,2008.583162,6.92169571223967e-12,655.6665224397008,nan,nan
2008-08-06,2008.596851,6.494326730540086e-12,643.1543361246627,nan,nan
2008-08-11,2008.610541,9.45326197499242e-12,708.8061418462448,nan,nan
2008-08-16,2008.624230,6.8706682722062315e-12,647.171288869979,nan,nan
2008-08-21,2008.637919,7.2047950112339444e-12,651.3827678931002,nan,nan
2008-08-26,2008.651608,6.257197619507667e-12,624.5688995288135,nan,nan
2008-08-31,2008.665298,7.016176413121581e-12,638.5995527454904,nan,nan
2008-09-05,2008.678987,1.0878375837117728e-11,713.2887792935545,nan,nan
2008-09-10,2008.692676,7.839749981924696e-12,647.5203979645771,nan,nan
2008-09-15,2008.706366,8.009579251215102e-12,646.3339796279241,nan,nan
2008-09-20,2008.720055,8.572554070595389e-12,652.9739253138134,nan,nan
2008-09-25,2008.733744,8.236056285709945e-12,641.955564898996,nan,nan
2008-09-30,2008.747433,7.519511620561076e-12,623.5599812853975,nan,nan
2008-10-05,2008.761123,9.523229332641424e-12,658.7970214106383,nan,nan
2008-10-10,2008.774812,7.92034391317434e-12,625.2652102626989,nan,nan
2008-10-15,2008.788501,9.581089943986266e-12,653.9162420646353,nan,nan
2008-10-20,2008.802190,1.1725882513941165e-11,688.1500215353547,nan,nan
2008-10-25,2008.815880,8.10720112721566e-12,623.6010900719943,nan,nan
2008-10-30,2008.829569,1.4041453328479654e-11,721.657443802811,nan,nan
2008-11-04,2008.843258,8.115639880623588e-12,623.3539180010795,nan,nan
2008-11-09,2008.856947,1.0981812683344691e-11,674.8381921509256,nan,nan
2008-11-14,2008.870637,8.37180858812269e-12,630.0687385075071,nan,nan
2008-11-19,2008.884326,8.378641869190665e-12,631.8290686958162,nan,nan
2008-11-24,2008.898015,7.867448742296299e-12,623.9498396733243,nan,nan
2008-11-29,2008.911704,9.19670647900212e-12,651.8415115818129,nan,nan
2008-12-04,2008.925394,9.677516408418127e-12,663.6310625609656,nan,nan
2008-12-09,2008.939083,8.50504687948018e-12,644.3845329478149,nan,nan
2008-12-14,2008.952772,7.29884045166569e-12,622.625862893601,nan,nan
2008-12-19,2008.966461,8.127701666851231e-12,642.4651411622829,nan,nan
2008-12-24,2008.980151,1.049543850548461e-11,690.5911051363596,nan,nan
2008-12-29,2008.993840,7.972027424962865e-12,644.4472565781894,nan,nan
2009-01-03,2009.007529,8.939472780554862e-12,665.5956774299902,nan,nan
2009-01-08,2009.021218,7.613249709364462e-12,639.8333028465217,nan,nan
2009-01-13,2009.034908,6.660734039909936e-12,619.6735053967107,nan,nan
2009-01-18,2009.048597,8.457050149002662e-12,659.5410851724093,nan,nan
2009-01-23,2009.062286,7.413090112737488e-12,637.5792125709959,nan,nan
2009-01-28,2009.075975,8.618872904723903e-12,662.540063763038,nan,nan
2009-02-02,2009.089665,7.557799914777069e-12,639.2293429397546,nan,nan
2009-02-07,2009.103354,6.951816801248965e-12,624.4907642431227,nan,nan
2009-02-12,2009.117043,7.844211489846581e-12,642.1588952416522,nan,nan
2009-02-17,2009.130732,9.308077829895862e-12,669.0436433298128,nan,nan
2009-02-22,2009.144422,8.205596466584307e-12,644.6279778097531,nan,nan
2009-02-27,2009.158111,8.296077503976904e-12,643.9418578388518,nan,nan
2009-03-04,2009.171800,1.0341603422061883e-11,679.3429203855028,nan,nan
2009-03-09,2009.185489,1.136963458545757e-11,693.988307159005,nan,nan
2009-03-14,2009.199179,1.1655236126109143e-11,695.7783377488104,nan,nan
2009-03-19,2009.212868,8.739443150941831e-12,641.7469647074895,nan,nan
2009-03-24,2009.226557,8.078152744790597e-12,627.0117274102698,nan,nan
2009-03-29,2009.240246,9.606203137351123e-12,653.4850665951429,nan,nan
2009-04-03,2009.253936,9.399132687253137e-12,648.5672525311652,nan,nan
2009-04-08,2009.267625,9.523064970032646e-12,649.8208707500512,nan,nan
2009-04-13,2009.281314,1.0906017630751334e-11,673.0445669784386,nan,nan
2009-04-18,2009.295003,1.07559538339786e-11,670.817930037292,nan,nan
2009-04-23,2009.308693,9.630279587162441e-12,652.5711071501053,nan,nan
2009-04-28,2009.322382,9.393736550704486e-12,650.2510740713444,nan,nan
2009-05-03,2009.336071,9.49262007596631e-12,654.3672680851859,nan,nan
2009-05-08,2009.349760,1.074996116034919e-11,679.4242648843858,nan,nan
2009-05-13,2009.363450,9.554383053142351e-12,661.8142373482148,nan,nan
2009-05-18,2009.377139,8.827366653847605e-12,652.122604241176,nan,nan
2009-05-23,2009.390828,1.1250744468211292e-11,701.0300105014303,nan,nan
2009-05-28,2009.404517,7.938589538515343e-12,643.2414974646929,nan,nan
2009-06-02,2009.418207,8.593728833346743e-12,661.4193895165195,nan,nan
2009-06-07,2009.431896,8.767170761425407e-12,669.8664378330401,nan,nan
2009-06-12,2009.445585,8.12470307422126e-12,661.2891237368096,nan,nan
2009-06-17,2009.459274,8.477716007039382e-12,673.7054976976967,nan,nan
2009-06-22,2009.472964,8.251272310313065e-12,673.2018624741463,nan,nan
2009-06-27,2009.486653,7.361663174865354e-12,656.7433116730409,nan,nan
2009-07-02,2009.500342,7.460111403408875e-12,662.4248316177352,nan,nan
2009-07-07,2009.514031,7.2086826834992936e-12,659.14928206711,nan,nan
2009-07-12,2009.527721,7.039668747471409e-12,656.9531807889377,nan,nan
2009-07-17,2009.541410,6.0549035392828755e-12,633.0098161893434,nan,nan
2009-07-22,2009.555099,7.243741202337956e-12,663.662634972443,nan,nan
2009-07-27,2009.568789,6.812842577898336e-12,652.7966060513127,nan,nan
2009-08-01,2009.582478,7.462269547410363e-12,667.6197334010637,nan,nan
2009-08-06,2009.596167,7.145018981359802e-12,658.2218065426565,nan,nan
2009-08-11,2009.609856,7.612540587103222e-12,666.8300813252462,nan,nan
2009-08-16,2009.623546,6.5087906589001655e-12,637.265256693658,nan,nan
2009-08-21,2009.637235,7.505212417908282e-12,657.4811838487615,nan,nan
2009-08-26,2009.650924,7.504580757402718e-12,653.1982657962951,nan,nan
2009-08-31,2009.664613,1.4061835940849666e-11,774.0525965695108,nan,nan
2009-09-05,2009.678303,8.970558364256169e-12,674.6512209854509,nan,nan
2009-09-10,2009.691992,7.844118795145022e-12,646.104700427946,nan,nan
2009-09-15,2009.705681,9.06315776604649e-12,665.883866884903,nan,nan
2009-09-20,2009.719370,8.435283992857818e-12,649.0189585110785,nan,nan
2009-09-25,2009.733060,9.48553751102112e-12,664.5514610863522,nan,nan
2009-09-30,2009.746749,9.438946148387435e-12,659.4821723970817,nan,nan
2009-10-05,2009.760438,9.982562947956247e-12,665.3117720951514,nan,nan
2009-10-10,2009.774127,9.414809220682697e-12,651.6119431714527,nan,nan
2009-10-15,2009.787817,8.86962330329924e-12,638.7945909957197,nan,nan
2009-10-20,2009.801506,1.0772053644341272e-11,669.5335896486877,nan,nan
2009-10-25,2009.815195,1.220549391165383e-11,690.6847080470843,nan,nan
2009-10-30,2009.828884,1.1786086831779809e-11,682.9706153200882,nan,nan
2009-11-04,2009.842574,9.084150386608249e-12,637.423945490571,nan,nan
2009-11-09,2009.856263,1.2089920572216452e-11,687.9313172244013,nan,nan
2009-11-14,2009.869952,1.0238814163336905e-11,658.9993964256038,nan,nan
2009-11-19,2009.883641,1.0953170704216217e-11,672.1245068503432,nan,nan
2009-11-24,2009.897331,9.662811088653235e-12,651.9364591409544,nan,nan
2009-11-29,2009.911020,1.0291121324072932e-11,665.2401804651737,nan,nan
2009-12-04,2009.924709,8.465384989807068e-12,634.9687817579963,nan,nan
2009-12-09,2009.938398,9.144762187549314e-12,650.1778205949456,nan,nan
2009-12-14,2009.952088,9.355227147826316e-12,656.3814657047409,nan,nan
2009-12-19,2009.965777,1.1021113231835846e-11,688.5523733364078,nan,nan
2009-12-24,2009.979466,1.0804885659527627e-11,686.8359603979884,nan,nan
2009-12-29,2009.993155,9.923785789510023e-12,673.1052135244798,nan,nan
2010-01-03,2010.006845,8.882434530254387e-12,655.9158882676309,nan,nan
2010-01-08,2010.020534,8.233217063916455e-12,644.414694136291,nan,nan
2010-01-13,2010.034223,8.723493480811334e-12,654.6203182646033,nan,nan
2010-01-18,2010.047912,9.213592345366781e-12,664.0728609230895,nan,nan
2010-01-23,2010.061602,9.956802153756294e-12,677.4676131131062,nan,nan
2010-01-28,2010.075291,8.962027397820258e-12,657.6207962582047,nan,nan
2010-02-02,2010.088980,1.3185311893271905e-11,729.7054834219741,nan,nan
2010-02-07,2010.102669,1.3149477180083124e-11,727.5999022329711,nan,nan
2010-02-12,2010.116359,1.2096376373496528e-11,707.4864004061506,nan,nan
2010-02-17,2010.130048,1.2910044797299443e-11,717.7982500451288,nan,nan
2010-02-22,2010.143737,1.1945417552809156e-11,698.9411563700992,nan,nan
2010-02-27,2010.157426,1.0523038759427096e-11,671.3023121848536,nan,nan
2010-03-04,2010.171116,1.4634311489859334e-11,732.3518143919393,nan,nan
2010-03-09,2010.184805,1.1106419633697873e-11,674.2246117660015,nan,nan
2010-03-14,2010.198494,1.3395683383490786e-11,707.020916853294,nan,nan
2010-03-19,2010.212183,1.3768745750297393e-11,709.8326274655069,nan,nan
2010-03-24,2010.225873,1.3252152370942364e-11,699.1403679801732,nan,nan
2010-03-29,2010.239562,1.4571655041662532e-11,716.0138353295868,nan,nan
2010-04-03,2010.253251,1.483533352585942e-11,718.4473881052381,nan,nan
2010-04-08,2010.266940,1.9091908689317824e-11,773.6696302140588,nan,nan
2010-04-13,2010.280630,1.7850380299154112e-11,758.5373965576066,nan,nan
2010-04-18,2010.294319,1.1444044828752186e-11,669.6187016791819,nan,nan
2010-04-23,2010.308008,1.4505373259093773e-11,716.3909545835791,nan,nan
2010-04-28,2010.321697,1.4509349114358423e-11,718.766260138133,nan,nan
2010-05-03,2010.335387,2.2412303052535176e-11,825.2049456157382,nan,nan
2010-05-08,2010.349076,1.5326932278806062e-11,737.5740278063587,nan,nan
2010-05-13,2010.362765,1.242454818045031e-11,698.696859969577,nan,nan
2010-05-18,2010.376454,1.1429359408799087e-11,687.1583979731477,nan,nan
2010-05-23,2010.390144,1.0250643164572723e-11,671.8953446021378,nan,nan
2010-05-28,2010.403833,1.0839941347365233e-11,687.2657949193662,nan,nan
2010-06-02,2010.417522,1.227758296842238e-11,717.1626004204708,nan,nan
2010-06-07,2010.431211,1.043661605859671e-11,690.5134788229761,nan,nan
2010-06-12,2010.444901,1.0213379234901587e-11,691.2496177911406,nan,nan
2010-06-17,2010.458590,1.3969999222080587e-11,762.3874356170608,nan,nan
2010-06-22,2010.472279,9.211842712987298e-12,681.2005212706474,nan,nan
2010-06-27,2010.485969,1.212510024164553e-11,740.0436890616974,nan,nan
2010-07-02,2010.499658,1.3051670401149527e-11,759.5954977495403,nan,nan
2010-07-07,2010.513347,9.00549575671971e-12,684.6931062679022,nan,nan
2010-07-12,2010.527036,1.1028080867022191e-11,726.0957589118427,nan,nan
2010-07-17,2010.540726,9.900833432524314e-12,704.6708427238037,nan,nan
2010-07-22,2010.554415,1.141826301233441e-11,733.7164989406789,nan,nan
2010-07-27,2010.568104,1.0532886339659774e-11,715.679253914924,nan,nan
2010-08-01,2010.581793,1.2700930199017488e-11,753.3060070077802,nan,nan
2010-08-06,2010.595483,1.1330928395660833e-11,725.4571023953843,nan,nan
2010-08-11,2010.609172,1.2122756430305559e-11,736.1937699421624,nan,nan
2010-08-16,2010.622861,1.254413805946212e-11,738.800686514292,nan,nan
2010-08-21,2010.636550,1.1433130664329152e-11,714.1256042044781,nan,nan
2010-08-26,2010.650240,1.3736156386554042e-11,747.8552267787838,nan,nan
2010-08-31,2010.663929,9.86078391583022e-12,676.036959248147,nan,nan
2010-09-05,2010.677618,1.1329553912408487e-11,696.7813522380168,nan,nan
2010-09-10,2010.691307,1.588014076556764e-11,762.51043039359,nan,nan
2010-09-15,2010.704997,1.4828543682460477e-11,741.0381396630123,nan,nan
2010-09-20,2010.718686,1.3422156595440651e-11,714.9280450364433,nan,nan
2010-09-25,2010.732375,2.0775965468892004e-11,811.11573493317,nan,nan
2010-09-30,2010.746064,1.403991605195179e-11,716.0272378508821,nan,nan
2010-10-05,2010.759754,1.29682636472762e-11,696.6390802164226,nan,nan
2010-10-10,2010.773443,1.2989212185375748e-11,693.8060959331694,nan,nan
2010-10-15,2010.787132,1.154037581825596e-11,668.9886406202727,nan,nan
2010-10-20,2010.800821,1.507886160434729e-11,718.311955858982,nan,nan
2010-10-25,2010.814511,1.925466134758626e-11,771.7341715844861,nan,nan
2010-10-30,2010.828200,1.4391902611665505e-11,708.3024133183694,nan,nan
2010-11-04,2010.841889,1.390456278254664e-11,702.21338871236,nan,nan
2010-11-09,2010.855578,1.5677547803352583e-11,727.6467542384457,nan,nan
2010-11-14,2010.869268,1.5985875260277163e-11,732.8461212220714,nan,nan
2010-11-19,2010.882957,1.5876482135690342e-11,733.5379353012233,nan,nan
2010-11-24,2010.896646,1.7333329244497233e-11,755.866469174028,nan,nan
2010-11-29,2010.910335,1.4523719787636516e-11,720.7162275208941,nan,nan
2010-12-04,2010.924025,1.1503740200224038e-11,678.0761544484278,nan,nan
2010-12-09,2010.937714,1.74857384869092e-11,767.8213746677424,nan,nan
2010-12-14,2010.951403,1.5021666530754012e-11,736.8748871237622,nan,nan
2010-12-19,2010.965092,1.3377428817262289e-11,715.6975443483391,nan,nan
2010-12-24,2010.978782,1.0575578257370768e-11,673.429988780221,nan,nan
2010-12-29,2010.992471,1.722524867922783e-11,777.6949615654632,nan,nan
2011-01-03,2011.006160,1.3260469799830936e-11,721.7748886718493,nan,nan
2011-01-08,2011.019849,1.4726501648995666e-11,746.811593656782,nan,nan
2011-01-13,2011.033539,1.191831114177593e-11,704.1808240425358,nan,nan
2011-01-18,2011.047228,1.2045054679903337e-11,706.4359399319349,nan,nan
2011-01-23,2011.060917,1.1951264078792599e-11,705.9358640560931,nan,nan
2011-01-28,2011.074606,1.0881167356735419e-11,689.5822325201414,nan,nan
2011-02-02,2011.088296,1.559729662558193e-11,766.0616276999228,nan,nan
2011-02-07,2011.101985,1.734461854397325e-11,789.3539974196273,nan,nan
2011-02-12,2011.115674,1.4640783019936407e-11,746.8396289834576,nan,nan
2011-02-17,2011.129363,1.661830293202047e-11,773.1536144234138,nan,nan
2011-02-22,2011.143053,1.728419868769074e-11,778.0624734373207,nan,nan
2011-02-27,2011.156742,1.4193602734970398e-11,727.6055418108065,nan,nan
2011-03-04,2011.170431,2.235181822815516e-11,830.9634471982469,nan,nan
2011-03-09,2011.184120,2.30029786175442e-11,834.1300558359953,nan,nan
2011-03-14,2011.197810,2.741396891469968e-11,881.0531578354392,nan,nan
2011-03-19,2011.211499,1.6565244418704973e-11,745.5036955251596,nan,nan
2011-03-24,2011.225188,2.2559501810396572e-11,816.182084442185,nan,nan
2011-03-29,2011.238877,2.2693434507115592e-11,813.593497342016,nan,nan
2011-04-03,2011.252567,2.7333936075499513e-11,861.2693120315853,nan,nan
2011-04-08,2011.266256,2.6647264080410977e-11,851.5750430364785,nan,nan
2011-04-13,2011.279945,3.138606472161825e-11,900.3694268318922,nan,nan
2011-04-18,2011.293634,2.463307430895466e-11,825.8292085997191,nan,nan
2011-04-23,2011.307324,2.34462092970183e-11,812.3296108642617,nan,nan
2011-04-28,2011.321013,2.3592080267238754e-11,816.3256501748382,nan,nan
2011-05-03,2011.334702,3.032363922816541e-11,892.1149823832616,nan,nan
2011-05-08,2011.348392,2.3777399097065123e-11,825.1384636093002,nan,nan
2011-05-13,2011.362081,1.9372153365712652e-11,778.7564135763413,nan,nan
2011-05-18,2011.375770,1.9497790804288578e-11,787.119976698258,nan,nan
2011-05-23,2011.389459,1.55939404169445e-11,741.603352593583,nan,nan
2011-05-28,2011.403149,1.9182198555555154e-11,795.9817141670594,nan,nan
2011-06-02,2011.416838,2.482326414330253e-11,874.4588774041916,nan,nan
2011-06-07,2011.430527,1.9662899487247418e-11,815.1248525885478,nan,nan
2011-06-12,2011.444216,1.5920323372841283e-11,769.0258328802598,nan,nan
2011-06-17,2011.457906,1.7678441354037275e-11,800.7259759813546,nan,nan
2011-06-22,2011.471595,1.7902207895469557e-11,811.0899119439421,nan,nan
2011-06-27,2011.485284,1.6275723279080458e-11,793.1807834596067,nan,nan
2011-07-02,2011.498973,1.857180577890701e-11,831.7795630234757,nan,nan
2011-07-07,2011.512663,1.3880329611397876e-11,760.8699681355628,nan,nan
2011-07-12,2011.526352,1.7127955305855342e-11,814.4142480509481,nan,nan
2011-07-17,2011.540041,1.4809031426004104e-11,778.9452161935731,nan,nan
2011-07-22,2011.553730,1.7435499416050044e-11,820.6176056024915,nan,nan
2011-07-27,2011.567420,1.2994298945867021e-11,747.2949918876873,nan,nan
2011-08-01,2011.581109,1.6661980429853443e-11,803.6050407526977,nan,nan
2011-08-06,2011.594798,2.3736616634557925e-11,903.7199985816764,nan,nan
2011-08-11,2011.608487,1.662500216586191e-11,798.0696582383283,nan,nan
2011-08-16,2011.622177,1.7343211141102056e-11,804.7997372966684,nan,nan
2011-08-21,2011.635866,1.5642386733080063e-11,776.3300697818929,nan,nan
2011-08-26,2011.649555,1.847018514740122e-11,812.4354895772158,nan,nan
2011-08-31,2011.663244,1.9143328562072396e-11,815.1490099354867,nan,nan
2011-09-05,2011.676934,2.515029304619439e-11,887.5770589265649,nan,nan
2011-09-10,2011.690623,2.9448508066001184e-11,930.7416337811808,nan,nan
2011-09-15,2011.704312,2.5098112273827807e-11,869.4371789212,nan,nan
2011-09-20,2011.718001,2.9250196677197994e-11,909.2218700661635,nan,nan
2011-09-25,2011.731691,2.8146823030523697e-11,890.7755848467386,nan,nan
2011-09-30,2011.745380,3.060209799165732e-11,914.5487889521867,nan,nan
2011-10-05,2011.759069,2.931370528538695e-11,894.2374102708876,nan,nan
2011-10-10,2011.772758,2.9103537275237177e-11,885.9721342616108,nan,nan
2011-10-15,2011.786448,2.9069500335056973e-11,880.4303316314013,nan,nan
2011-10-20,2011.800137,3.3004645096105904e-11,917.5805551367855,nan,nan
2011-10-25,2011.813826,3.4921761344499654e-11,934.1119396975505,nan,nan
2011-10-30,2011.827515,2.8295943893992727e-11,863.2574125888971,nan,nan
2011-11-04,2011.841205,3.222477402837217e-11,901.1289554166699,nan,nan
2011-11-09,2011.854894,4.020918637165373e-11,975.909659375298,nan,nan
2011-11-14,2011.868583,3.898725074123583e-11,964.34650202719,nan,nan
2011-11-19,2011.882272,3.544826141058923e-11,933.3555029331,nan,nan
2011-11-24,2011.895962,3.372895293087977e-11,920.3963604866856,nan,nan
2011-11-29,2011.909651,2.8598490869071592e-11,870.4419921240356,nan,nan
2011-12-04,2011.923340,3.564070650030579e-11,946.7378681613209,nan,nan
2011-12-09,2011.937029,3.4304876831475306e-11,937.819052630489,nan,nan
2011-12-14,2011.950719,2.998179548851408e-11,898.3764792910008,nan,nan
2011-12-19,2011.964408,2.5057317226503162e-11,844.8698709138957,nan,nan
2011-12-24,2011.978097,2.6293016003093378e-11,859.7196010646553,nan,nan
2011-12-29,2011.991786,2.955063105413715e-11,899.9432277609683,nan,nan
2012-01-03,2012.005476,2.5978517578295402e-11,863.5500673942422,nan,nan
2012-01-08,2012.019165,2.6904467472797292e-11,877.0455711330993,nan,nan
2012-01-13,2012.032854,2.373309381844683e-11,840.8416973461852,nan,nan
2012-01-18,2012.046543,2.5871542109296607e-11,866.0393336435068,nan,nan
2012-01-23,2012.060233,3.1118960031251716e-11,926.731940336078,nan,nan
2012-01-28,2012.073922,2.5998164041441378e-11,870.1121660278027,nan,nan
2012-02-02,2012.087611,2.159257348390131e-11,820.2760731291398,nan,nan
2012-02-07,2012.101300,2.3587328255689416e-11,841.9040053569356,nan,nan
2012-02-12,2012.114990,1.906386056148941e-11,782.4502403709427,nan,nan
2012-02-17,2012.128679,1.9191052056226856e-11,780.6892402865267,nan,nan
2012-02-22,2012.142368,2.1298195544865468e-11,801.8539903217909,nan,nan
2012-02-27,2012.156057,2.177180246321733e-11,802.7807183374925,nan,nan
2012-03-03,2012.169747,2.3292207589290392e-11,814.7041711405589,nan,nan
2012-03-08,2012.183436,3.5003401918250814e-11,933.4830937220636,nan,nan
2012-03-13,2012.197125,3.132269823537707e-11,893.8331787786576,nan,nan
2012-03-18,2012.210815,3.0392335862997153e-11,883.9892883374355,nan,nan
2012-03-23,2012.224504,2.1287053587454233e-11,783.3147595637507,nan,nan
2012-03-28,2012.238193,2.7031657542911212e-11,844.7704833169657,nan,nan
2012-04-02,2012.251882,2.7392671913630828e-11,849.4248223010966,nan,nan
2012-04-07,2012.265572,2.3008904012603163e-11,803.4114856563024,nan,nan
2012-04-12,2012.279261,1.974626692302247e-11,767.5098242022765,nan,nan
2012-04-17,2012.292950,2.3900581794596865e-11,815.9755699897726,nan,nan
2012-04-22,2012.306639,2.9440449721286874e-11,875.149464548512,nan,nan
2012-04-27,2012.320329,2.8279244140495297e-11,866.6224476392813,nan,nan
2012-05-02,2012.334018,2.4830729103038523e-11,833.7369451927846,nan,nan
2012-05-07,2012.347707,2.402611587186946e-11,830.5262125727409,nan,nan
2012-05-12,2012.361396,3.041982211263242e-11,909.3011781891632,nan,nan
2012-05-17,2012.375086,2.9288945077285787e-11,904.9444973335002,nan,nan
2012-05-22,2012.388775,2.636278905114358e-11,880.3690513256868,nan,nan
2012-05-27,2012.402464,2.2414542075760698e-11,842.0426893860542,nan,nan
2012-06-01,2012.416153,2.491936924931474e-11,884.3444696706672,nan,nan
2012-06-06,2012.429843,2.9083701002140687e-11,946.5466453644917,nan,nan
2012-06-11,2012.443532,2.741488562303704e-11,936.8279581700461,nan,nan
2012-06-16,2012.457221,2.519673950218793e-11,915.8535266620756,nan,nan
2012-06-21,2012.470910,1.9311551456038817e-11,840.1920226227863,nan,nan
2012-06-26,2012.484600,1.7756429250569266e-11,821.4875454898736,nan,nan
2012-07-01,2012.498289,2.460328587191343e-11,924.7684622602801,nan,nan
2012-07-06,2012.511978,2.78256753660371e-11,974.5823737219029,nan,nan
2012-07-11,2012.525667,2.6003570434148278e-11,953.5939603869474,nan,nan
2012-07-16,2012.539357,3.295475439225962e-11,1052.1867551891378,nan,nan
2012-07-21,2012.553046,1.980355799818003e-11,863.5052760288604,nan,nan
2012-07-26,2012.566735,1.5717632841925703e-11,799.0478740460428,nan,nan
2012-07-31,2012.580424,2.782772435495468e-11,972.6142697194781,nan,nan
2012-08-05,2012.594114,2.4615630601213305e-11,924.4988134134961,nan,nan
2012-08-10,2012.607803,2.3245773813266307e-11,900.0176772021177,nan,nan
2012-08-15,2012.621492,1.9423259906692958e-11,837.2374921713576,nan,nan
2012-08-20,2012.635181,1.7246413790752906e-11,795.5041699294379,nan,nan
2012-08-25,2012.648871,1.8028965663611784e-11,796.1639224188848,nan,nan
2012-08-30,2012.662560,2.170792191932062e-11,836.7529277580286,nan,nan
2012-09-04,2012.676249,3.605952531850532e-11,1001.4765664429249,nan,nan
2012-09-09,2012.689938,2.680032820510372e-11,886.4552564935233,nan,nan
2012-09-14,2012.703628,2.0961244020589012e-11,808.0720898482831,nan,nan
2012-09-19,2012.717317,2.3568063037960157e-11,833.1923527589174,nan,nan
2012-09-24,2012.731006,2.3657038763659347e-11,828.4932314939907,nan,nan
2012-09-29,2012.744695,2.8890275207089685e-11,881.5751635550896,nan,nan
2012-10-04,2012.758385,2.5793038575159183e-11,843.705822671759,nan,nan
2012-10-09,2012.772074,3.727027335376746e-11,960.3062084511625,nan,nan
2012-10-14,2012.785763,3.388306433578777e-11,921.0867785271064,nan,nan
2012-10-19,2012.799452,3.1996180877527146e-11,899.4462625444385,nan,nan
2012-10-24,2012.813142,3.5562424490589326e-11,933.9161702328594,nan,nan
2012-10-29,2012.826831,2.6633199842891368e-11,841.9223611475525,nan,nan
2012-11-03,2012.840520,2.0654167290889574e-11,776.097313510955,nan,nan
2012-11-08,2012.854209,2.6252655901993432e-11,839.3041460731258,nan,nan
2012-11-13,2012.867899,2.7207245900173752e-11,851.9209564973423,nan,nan
2012-11-18,2012.881588,3.3688440082238186e-11,921.8418170553866,nan,nan
2012-11-23,2012.895277,2.9110790489674754e-11,876.2738130110895,nan,nan
2012-11-28,2012.908966,2.44880748285793e-11,828.1148818242231,nan,nan
2012-12-03,2012.922656,1.9545805773680566e-11,775.471817114073,nan,nan
2012-12-08,2012.936345,1.628402642173317e-11,738.0264917140832,nan,nan
2012-12-13,2012.950034,1.9459570647394077e-11,780.9583662134221,nan,nan
2012-12-18,2012.963723,2.6490954756308936e-11,866.5534946013245,nan,nan
2012-12-23,2012.977413,2.098156442953025e-11,803.2963323205266,nan,nan
2012-12-28,2012.991102,1.8979049124906365e-11,779.1351688541004,nan,nan
2013-01-02,2013.004791,1.8802401202219464e-11,778.6298285898854,nan,nan
2013-01-07,2013.018480,2.7196673280540243e-11,880.6735356204313,nan,nan
2013-01-12,2013.032170,2.6962512323891392e-11,877.7319429321927,nan,nan
2013-01-17,2013.045859,2.7680588655401454e-11,885.9165964265119,nan,nan
2013-01-22,2013.059548,2.0567673629401577e-11,801.5935197487147,nan,nan
2013-01-27,2013.073238,2.426670541499805e-11,844.492500123631,nan,nan
2013-02-01,2013.086927,1.7234156193278472e-11,754.2359137983208,nan,nan
2013-02-06,2013.100616,2.0710227977127973e-11,795.1741516736154,nan,nan
2013-02-11,2013.114305,2.1481894177300795e-11,801.5259235447265,nan,nan
2013-02-16,2013.127995,2.066727013227888e-11,788.6929794095938,nan,nan
2013-02-21,2013.141684,2.286671506044004e-11,809.7852761105928,nan,nan
2013-02-26,2013.155373,1.973424027871402e-11,767.4825061155866,nan,nan
2013-03-03,2013.169062,2.4870062952232793e-11,823.5799007269352,nan,nan
2013-03-08,2013.182752,2.3940759444135497e-11,810.1594140130012,nan,nan
2013-03-13,2013.196441,2.8572060468237827e-11,856.904522335904,nan,nan
2013-03-18,2013.210130,4.971419958807307e-11,1059.0114200208166,nan,nan
2013-03-23,2013.223819,2.371664077164629e-11,804.4741306933579,nan,nan
2013-03-28,2013.237509,2.994494703514176e-11,868.9175209423513,nan,nan
2013-04-02,2013.251198,2.5163834583952205e-11,818.0838803742173,nan,nan
2013-04-07,2013.264887,3.089438464667785e-11,877.4621298758312,nan,nan
2013-04-12,2013.278576,3.445770816493211e-11,911.734074649632,nan,nan
2013-04-17,2013.292266,2.7015127788805115e-11,838.3807979671778,nan,nan
2013-04-22,2013.305955,2.315810452016108e-11,799.438603023305,nan,nan
2013-04-27,2013.319644,3.040470266114658e-11,878.9621101728407,nan,nan
2013-05-02,2013.333333,3.910201767581067e-11,969.5204889362415,nan,nan
2013-05-07,2013.347023,3.425366061441879e-11,926.8760905788972,nan,nan
2013-05-12,2013.360712,2.8420383951842633e-11,872.7663960113127,nan,nan
2013-05-17,2013.374401,4.010662094148102e-11,1002.1494572493111,nan,nan
2013-05-22,2013.388090,3.1339412601095267e-11,917.3441763779326,nan,nan
2013-05-27,2013.401780,3.370993835766716e-11,952.0779124149838,nan,nan
2013-06-01,2013.415469,2.99173576664594e-11,919.3126987556384,nan,nan
2013-06-06,2013.429158,2.2945782720018793e-11,842.0930751794361,nan,nan
2013-06-11,2013.442847,2.1159905457917304e-11,824.1825696159334,nan,nan
2013-06-16,2013.456537,2.038002767590769e-11,817.6230720169236,nan,nan
2013-06-21,2013.470226,2.4961686118529435e-11,881.5655876396117,nan,nan
2013-06-26,2013.483915,2.36891904940846e-11,868.8058774061615,nan,nan
2013-07-01,2013.497604,1.981752319187143e-11,821.5764676533099,nan,nan
2013-07-06,2013.511294,2.3161995502485848e-11,869.1927471058427,nan,nan
2013-07-11,2013.524983,2.6875497489959815e-11,920.390045431644,nan,nan
2013-07-16,2013.538672,2.3573524737924753e-11,879.2026376048209,nan,nan
2013-07-21,2013.552361,2.0893770968030452e-11,842.4370287315942,nan,nan
2013-07-26,2013.566051,2.5792670963732482e-11,905.4686910579478,nan,nan
2013-07-31,2013.579740,2.0207061104248536e-11,828.2873811492872,nan,nan
2013-08-05,2013.593429,2.719787437917821e-11,913.3668351329802,nan,nan
2013-08-10,2013.607118,2.0593551012876496e-11,825.6557172624618,nan,nan
2013-08-15,2013.620808,2.171916227650867e-11,834.442182661552,nan,nan
2013-08-20,2013.634497,2.502068364098964e-11,865.921075338348,nan,nan
2013-08-25,2013.648186,2.7455233875701185e-11,886.5957623151179,nan,nan
2013-08-30,2013.661875,2.0361289016590185e-11,796.750531054434,nan,nan
2013-09-04,2013.675565,2.042584674918985e-11,793.4924962673058,nan,nan
2013-09-09,2013.689254,2.2268233162201354e-11,810.8749048436707,nan,nan
2013-09-14,2013.702943,2.5412168752554042e-11,841.9140119040158,nan,nan
2013-09-19,2013.716632,2.4121564709440585e-11,826.0000787422605,nan,nan
2013-09-24,2013.730322,2.462601987457311e-11,829.6055844539742,nan,nan
2013-09-29,2013.744011,2.171669741270382e-11,793.1769862506562,nan,nan
2013-10-04,2013.757700,2.4829360421930883e-11,826.8777053408057,nan,nan
2013-10-09,2013.771389,2.5070889950952032e-11,830.306567725899,nan,nan
2013-10-14,2013.785079,2.758312487201654e-11,854.2555387498743,nan,nan
2013-10-19,2013.798768,2.8298740822503473e-11,860.0204133419827,nan,nan
2013-10-24,2013.812457,2.891821693614171e-11,866.8382392875039,nan,nan
2013-10-29,2013.826146,3.1891177650792464e-11,897.9321805882482,nan,nan
2013-11-03,2013.839836,3.146944754674842e-11,895.8499168571561,nan,nan
2013-11-08,2013.853525,3.231409841144469e-11,905.9091403255636,nan,nan
2013-11-13,2013.867214,3.07083310956784e-11,892.1400936747241,nan,nan
2013-11-18,2013.880903,3.820395870708501e-11,971.7027751641892,nan,nan
2013-11-23,2013.894593,3.058602280453631e-11,897.5811048474443,nan,nan
2013-11-28,2013.908282,2.5973349345032168e-11,856.2858666940251,nan,nan
2013-12-03,2013.921971,2.7083222983154587e-11,877.1831989707184,nan,nan
2013-12-08,2013.935661,3.1486380905708626e-11,927.8303012024353,nan,nan
2013-12-13,2013.949350,3.382190869271704e-11,955.1235826063121,nan,nan
2013-12-18,2013.963039,3.4349603326252396e-11,963.241164824457,nan,nan
2013-12-23,2013.976728,2.7960054427116698e-11,893.9820340709775,nan,nan
2013-12-28,2013.990418,2.350526481841552e-11,845.0945529530713,nan,nan
2014-01-02,2014.004107,3.355313110097667e-11,967.4174043516377,nan,nan
2014-01-07,2014.017796,3.3763235064258655e-11,976.5788668826897,nan,nan
2014-01-12,2014.031485,3.217572135143774e-11,961.8750383117524,nan,nan
2014-01-17,2014.045175,2.6522601205753146e-11,898.1108275931849,nan,nan
2014-01-22,2014.058864,3.1110894222283505e-11,949.6397466485535,nan,nan
2014-01-27,2014.072553,2.9759328309325116e-11,929.7895807996204,nan,nan
2014-02-01,2014.086242,2.8889073809768113e-11,917.0922666906582,nan,nan
2014-02-06,2014.099932,3.407302314801111e-11,972.5792465818797,nan,nan
2014-02-11,2014.113621,3.5142359690599367e-11,977.666256095134,nan,nan
2014-02-16,2014.127310,3.5208739268671665e-11,963.2364745352519,nan,nan
2014-02-21,2014.140999,3.7811172619136036e-11,972.5715921806516,nan,nan
2014-02-26,2014.154689,3.610836792368918e-11,950.1174864252439,nan,nan
2014-03-03,2014.168378,3.968668041566242e-11,980.6356434074714,nan,nan
2014-03-08,2014.182067,3.684543040488032e-11,948.7141716913918,nan,nan
2014-03-13,2014.195756,3.6945157213024574e-11,946.9007573922013,nan,nan
2014-03-18,2014.209446,3.358077061991022e-11,905.1236040974833,nan,nan
2014-03-23,2014.223135,3.933182293592051e-11,953.9973098740838,nan,nan
2014-03-28,2014.236824,4.249966138389596e-11,981.1315841810656,nan,nan
2014-04-02,2014.250513,4.351661934210706e-11,988.7829746511577,nan,nan
2014-04-07,2014.264203,3.571473126732305e-11,915.6277054028269,nan,nan
2014-04-12,2014.277892,4.0544222372406235e-11,959.6222713192367,nan,nan
2014-04-17,2014.291581,3.560973156130286e-11,917.033111943867,nan,nan
2014-04-22,2014.305270,4.918518601163513e-11,1047.826558581824,nan,nan
2014-04-27,2014.318960,3.341696141449932e-11,903.4389461315295,nan,nan
2014-05-02,2014.332649,2.765114376099953e-11,852.7119273516664,nan,nan
2014-05-07,2014.346338,2.972263677559657e-11,883.2542689199854,nan,nan
2014-05-12,2014.360027,3.403159277334291e-11,936.8678039250221,nan,nan
2014-05-17,2014.373717,3.6958539102977334e-11,975.1130300721946,nan,nan
2014-05-22,2014.387406,2.630009767170474e-11,868.7159891765743,nan,nan
2014-05-27,2014.401095,2.3823102306860473e-11,848.8019171665893,nan,nan
2014-06-01,2014.414784,2.0516348612527656e-11,815.5773518616813,nan,nan
2014-06-06,2014.428474,2.2306152097490085e-11,846.3600626045925,nan,nan
2014-06-11,2014.442163,2.879196089454282e-11,934.8743161212892,nan,nan
2014-06-16,2014.455852,2.621057393648961e-11,910.2846283145213,nan,nan
2014-06-21,2014.469541,2.5029538303607084e-11,901.110677997058,nan,nan
2014-06-26,2014.483231,1.8293218360034907e-11,813.2157939919402,nan,nan
2014-07-01,2014.496920,2.2717015140118324e-11,879.7153782913251,nan,nan
2014-07-06,2014.510609,2.975784814967757e-11,977.3581091774965,nan,nan
2014-07-11,2014.524298,3.1893576041352305e-11,1010.4013496577811,nan,nan
2014-07-16,2014.537988,2.190733297994223e-11,878.0080932159315,nan,nan
2014-07-21,2014.551677,1.525731149273462e-11,778.4834633610762,nan,nan
2014-07-26,2014.565366,1.627939643911197e-11,790.6272106245515,nan,nan
2014-07-31,2014.579055,2.335356639280512e-11,893.4476440542724,nan,nan
2014-08-05,2014.592745,2.88894321281423e-11,967.8160130518343,nan,nan
2014-08-10,2014.606434,2.266871100741604e-11,879.3892628607837,nan,nan
2014-08-15,2014.620123,1.93843987293262e-11,826.1274031809878,nan,nan
2014-08-20,2014.633812,2.3374473187807038e-11,873.932205220265,nan,nan
2014-08-25,2014.647502,2.21934597694465e-11,853.2574396738091,nan,nan
2014-08-30,2014.661191,2.682362291151492e-11,904.3584022933926,nan,nan
2014-09-04,2014.674880,2.527118567081664e-11,875.5924967309588,nan,nan
2014-09-09,2014.688569,2.9077778360248897e-11,912.7440708608513,nan,nan
2014-09-14,2014.702259,3.2186781681063704e-11,946.6659949946231,nan,nan
2014-09-19,2014.715948,2.941843019130398e-11,919.2289271574625,nan,nan
2014-09-24,2014.729637,3.161509195359485e-11,938.0570845573279,nan,nan
2014-09-29,2014.743326,3.462769666700523e-11,962.4411859440695,nan,nan
2014-10-04,2014.757016,3.4036201087777334e-11,948.3525120242296,nan,nan
2014-10-09,2014.770705,3.2735194116683673e-11,929.9380154182957,nan,nan
2014-10-14,2014.784394,2.9474422763904084e-11,892.2956593760777,nan,nan
2014-10-19,2014.798084,3.8163418364510975e-11,979.8359502227509,nan,nan
2014-10-24,2014.811773,3.805669918231463e-11,975.6255635680125,nan,nan
2014-10-29,2014.825462,4.034450125316628e-11,998.0249262418712,nan,nan
2014-11-03,2014.839151,3.6899714540846395e-11,964.2434014060191,nan,nan
2014-11-08,2014.852841,3.591258896607783e-11,953.7997103489954,nan,nan
2014-11-13,2014.866530,3.327352843416054e-11,930.3725559209413,nan,nan
2014-11-18,2014.880219,4.0872491098582966e-11,1014.9115719350152,nan,nan
2014-11-23,2014.893908,3.5115096363606506e-11,961.2862144897698,nan,nan
2014-11-28,2014.907598,3.695138379847272e-11,988.9565741399034,nan,nan
2014-12-03,2014.921287,3.755518844220958e-11,995.3872878839844,nan,nan
2014-12-08,2014.934976,3.777222539665118e-11,989.4003874947264,nan,nan
2014-12-13,2014.948665,3.6072357483969225e-11,972.1243950235838,nan,nan
2014-12-18,2014.962355,3.683198622665852e-11,985.9297366817609,nan,nan
2014-12-23,2014.976044,4.020054233883275e-11,1032.033265762126,nan,nan
2014-12-28,2014.989733,2.961462383131393e-11,915.9251649528107,nan,nan
2015-01-02,2015.003422,2.8354490919650056e-11,900.4683626376959,nan,nan
2015-01-07,2015.017112,3.250194519731921e-11,943.749551697233,nan,nan
2015-01-12,2015.030801,3.0897627964731686e-11,921.8113837303706,nan,nan
2015-01-17,2015.044490,2.9674678323050385e-11,905.6536735224528,nan,nan
2015-01-22,2015.058179,3.0735834837407235e-11,914.7720367876339,nan,nan
2015-01-27,2015.071869,2.918322286349191e-11,894.8519158331643,nan,nan
2015-02-01,2015.085558,3.3052433597180995e-11,928.0514393985275,nan,nan
2015-02-06,2015.099247,4.0697034923425474e-11,1000.344814089798,nan,nan
2015-02-11,2015.112936,3.5007259521022493e-11,940.2843370336471,nan,nan
2015-02-16,2015.126626,2.673087727710136e-11,849.0955503455048,nan,nan
2015-02-21,2015.140315,2.5262397431272015e-11,829.1207573005395,nan,nan
2015-02-26,2015.154004,2.7861433730495475e-11,852.6166796073467,nan,nan
2015-03-03,2015.167693,3.674403201705774e-11,939.5872332710182,nan,nan
2015-03-08,2015.181383,3.769322027224527e-11,947.967745669521,nan,nan
2015-03-13,2015.195072,2.9596916248348045e-11,863.2019876206343,nan,nan
2015-03-18,2015.208761,5.4713780620035506e-11,1094.9888452299544,nan,nan
2015-03-23,2015.222450,2.4846241856840225e-11,808.4782702399576,nan,nan
2015-03-28,2015.236140,3.092256058552222e-11,870.8538199179413,nan,nan
2015-04-02,2015.249829,3.636512248358672e-11,927.2689158578887,nan,nan
2015-04-07,2015.263518,2.92380596564314e-11,859.4841383763252,nan,nan
2015-04-12,2015.277207,3.2249646574828824e-11,889.837719330142,nan,nan
2015-04-17,2015.290897,4.004733347823382e-11,966.8854026851668,nan,nan
2015-04-22,2015.304586,4.373827843227702e-11,1005.8375216380869,nan,nan
2015-04-27,2015.318275,3.138650017581031e-11,890.0937530835254,nan,nan
2015-05-02,2015.331964,2.6166228482555765e-11,840.2676601729486,nan,nan
2015-05-07,2015.345654,3.401892411428421e-11,926.8625164024246,nan,nan
2015-05-12,2015.359343,3.335817876084317e-11,929.0726596354077,nan,nan
2015-05-17,2015.373032,3.1640636874019365e-11,921.0709608615707,nan,nan
2015-05-22,2015.386721,2.513361157040515e-11,856.4087348208946,nan,nan
2015-05-27,2015.400411,2.121192282014458e-11,815.022966727046,nan,nan
2015-06-01,2015.414100,2.02301185381518e-11,807.154114055621,nan,nan
2015-06-06,2015.427789,2.2870806989504146e-11,846.8281024743048,nan,nan
2015-06-11,2015.441478,2.8743206809857584e-11,926.3130351636587,nan,nan
2015-06-16,2015.455168,3.037363959765791e-11,953.7099034522822,nan,nan
2015-06-21,2015.468857,1.9744523645687462e-11,822.330817865566,nan,nan
2015-06-26,2015.482546,2.6630181035455504e-11,915.0414436704959,nan,nan
2015-07-01,2015.496235,1.6725119401770945e-11,786.9880914329952,nan,nan
2015-07-06,2015.509925,2.1709658571673825e-11,861.4690495531254,nan,nan
2015-07-11,2015.523614,2.2764512822132983e-11,878.2345659239955,nan,nan
2015-07-16,2015.537303,2.141510321377149e-11,863.9944873927245,nan,nan
2015-07-21,2015.550992,1.6879848113039905e-11,800.3990183527644,nan,nan
2015-07-26,2015.564682,1.461991548011342e-11,764.5387294402312,nan,nan
2015-07-31,2015.578371,2.02149827980857e-11,845.1213164841254,nan,nan
2015-08-05,2015.592060,1.8781273431340924e-11,820.5010870495244,nan,nan
2015-08-10,2015.605749,2.110735504950678e-11,850.6163291249825,nan,nan
2015-08-15,2015.619439,1.554216666396892e-11,767.5155595188569,nan,nan
2015-08-20,2015.633128,1.8258777719045975e-11,803.6850141798616,nan,nan
2015-08-25,2015.646817,1.7110511425132533e-11,784.9944681164759,nan,nan
2015-08-30,2015.660507,2.2176785324873163e-11,849.8725530884542,nan,nan
2015-09-04,2015.674196,1.7652303805406938e-11,784.8684895328314,nan,nan
2015-09-09,2015.687885,1.536489616413639e-11,747.3380648941725,nan,nan
2015-09-14,2015.701574,1.9616084859806723e-11,800.7455375348453,nan,nan
2015-09-19,2015.715264,1.9950362884354036e-11,798.6623905674401,nan,nan
2015-09-24,2015.728953,2.6588135697079243e-11,874.2676192419343,nan,nan
2015-09-29,2015.742642,2.1837821288012296e-11,815.7546365840492,nan,nan
2015-10-04,2015.756331,2.5884140043852328e-11,857.0248703907466,nan,nan
2015-10-09,2015.770021,2.3311141861473767e-11,819.4288077315625,nan,nan
2015-10-14,2015.783710,2.298435755486136e-11,812.2132479093048,nan,nan
2015-10-19,2015.797399,2.8813020405973676e-11,873.9024073764276,nan,nan
2015-10-24,2015.811088,2.891056343896827e-11,873.0238164232326,nan,nan
2015-10-29,2015.824778,2.0559715974472782e-11,778.7532292814376,nan,nan
2015-11-03,2015.838467,2.5834782521419423e-11,837.7042239744289,nan,nan
2015-11-08,2015.852156,2.553146507869407e-11,834.8714276375264,nan,nan
2015-11-13,2015.865845,2.1862261025233683e-11,794.0702609841262,nan,nan
2015-11-18,2015.879535,2.6134008036400643e-11,844.9716018918687,nan,nan
2015-11-23,2015.893224,2.1907309715803227e-11,799.5813197036302,nan,nan
2015-11-28,2015.906913,2.1585987637754188e-11,798.4590349763862,nan,nan
2015-12-03,2015.920602,1.9705395596618987e-11,778.7492315518939,nan,nan
2015-12-08,2015.934292,2.4961399933819723e-11,845.0723439745042,nan,nan
2015-12-13,2015.947981,2.635117196296023e-11,863.0614726312087,nan,nan
2015-12-18,2015.961670,2.4673080364252677e-11,844.6946464075486,nan,nan
2015-12-23,2015.975359,2.200573141451266e-11,815.8911991933253,nan,nan
2015-12-28,2015.989049,2.153970888451656e-11,813.9354088619327,nan,nan
2016-01-02,2016.002738,1.680816939615512e-11,755.6067374407158,nan,nan
2016-01-07,2016.016427,1.7413702506145438e-11,763.9036118207514,nan,nan
2016-01-12,2016.030116,2.439195965111691e-11,851.1866715638109,nan,nan
2016-01-17,2016.043806,1.5883289118025516e-11,742.4128297368048,nan,nan
2016-01-22,2016.057495,2.3757807105550196e-11,841.3248525389132,nan,nan
2016-01-27,2016.071184,1.773858118253224e-11,764.5119643641196,nan,nan
2016-02-01,2016.084873,1.9814993560025936e-11,787.7308145947984,nan,nan
2016-02-06,2016.098563,2.3718884951551607e-11,829.545391975095,nan,nan
2016-02-11,2016.112252,2.101397766176712e-11,794.2626450819644,nan,nan
2016-02-16,2016.125941,2.16154183151399e-11,798.0758354509442,nan,nan
2016-02-21,2016.139630,1.8941380798220043e-11,763.3747896445909,nan,nan
2016-02-26,2016.153320,1.6972133631441262e-11,736.6902113551864,nan,nan
2016-03-02,2016.167009,1.9845360545474993e-11,771.2109500353414,nan,nan
2016-03-07,2016.180698,3.928588243747441e-11,978.0823310212286,nan,nan
2016-03-12,2016.194387,2.8506586123208562e-11,866.6750168160588,nan,nan
2016-03-17,2016.208077,1.8670411649647743e-11,754.322551053973,nan,nan
2016-03-22,2016.221766,1.910733668429589e-11,759.0341275221051,nan,nan
2016-03-27,2016.235455,1.6121358200152027e-11,721.9592520847027,nan,nan
2016-04-01,2016.249144,1.6160079301310845e-11,723.0205348830507,nan,nan
2016-04-06,2016.262834,1.5920556940814662e-11,720.8774588960396,nan,nan
2016-04-11,2016.276523,1.731849096093613e-11,740.945627940959,nan,nan
2016-04-16,2016.290212,1.965476030664079e-11,773.1203798784127,nan,nan
2016-04-21,2016.303901,1.40942854406095e-11,704.7830600975462,nan,nan
2016-04-26,2016.317591,1.5488056689113084e-11,727.3215475427653,nan,nan
2016-05-01,2016.331280,1.951814075389648e-11,783.3449028513771,nan,nan
2016-05-06,2016.344969,1.958553673359135e-11,789.387888135172,nan,nan
2016-05-11,2016.358658,1.7725079906909533e-11,770.4407273709819,nan,nan
2016-05-16,2016.372348,2.13974995555083e-11,823.8469003527155,nan,nan
2016-05-21,2016.386037,1.4100475684006547e-11,729.8145270113325,nan,nan
2016-05-26,2016.399726,1.4574862770129116e-11,741.0296093686593,nan,nan
2016-05-31,2016.413415,1.5513356239883442e-11,760.3587624025544,nan,nan
2016-06-05,2016.427105,1.4001306038722604e-11,743.4260957607512,nan,nan
2016-06-10,2016.440794,1.2707524545130387e-11,728.3546553373876,nan,nan
2016-06-15,2016.454483,1.4930823603955743e-11,771.0750049687524,nan,nan
2016-06-20,2016.468172,1.3041391940186316e-11,746.058080308695,nan,nan
2016-06-25,2016.481862,1.3042279623159119e-11,750.9322057970076,nan,nan
2016-06-30,2016.495551,1.0634124911490099e-11,711.3749256972159,nan,nan
2016-07-05,2016.509240,1.0142344018551361e-11,704.8085516256388,nan,nan
2016-07-10,2016.522930,1.4316151657523544e-11,782.1811544432536,nan,nan
2016-07-15,2016.536619,1.3847567678596297e-11,776.4191323979304,nan,nan
2016-07-20,2016.550308,1.2453674476671584e-11,753.1162300853506,nan,nan
2016-07-25,2016.563997,1.371744178643669e-11,776.1659291085232,nan,nan
2016-07-30,2016.577687,1.23500337104899e-11,751.6023956949504,nan,nan
2016-08-04,2016.591376,1.4352865111400725e-11,785.6952831082663,nan,nan
2016-08-09,2016.605065,1.5917751567619316e-11,808.9762750647408,nan,nan
2016-08-14,2016.618754,1.218423511395949e-11,741.9871577124579,nan,nan
2016-08-19,2016.632444,1.1688020697015285e-11,729.4595543425539,nan,nan
2016-08-24,2016.646133,1.4086674092620446e-11,766.0944751959007,nan,nan
2016-08-29,2016.659822,1.0259046289727422e-11,694.6346742522989,nan,nan
2016-09-03,2016.673511,1.8110685341262183e-11,817.6046517544039,nan,nan
2016-09-08,2016.687201,1.655279179858963e-11,788.1545176057239,nan,nan
2016-09-13,2016.700890,1.3176723986247726e-11,729.9458813109678,nan,nan
2016-09-18,2016.714579,1.1337719715695264e-11,694.6076927039319,nan,nan
2016-09-23,2016.728268,1.1572903063873209e-11,693.5669456572084,nan,nan
2016-09-28,2016.741958,2.1720552179048448e-11,833.1609439336225,nan,nan
2016-10-03,2016.755647,1.4856716333515044e-11,735.7449705184222,nan,nan
2016-10-08,2016.769336,1.649902998169981e-11,755.1709696692044,nan,nan
2016-10-13,2016.783025,1.5255763739663108e-11,734.2672693315089,nan,nan
2016-10-18,2016.796715,1.8224733946123622e-11,771.4196411296425,nan,nan
2016-10-23,2016.810404,1.4679238551018915e-11,721.8402232143206,nan,nan
2016-10-28,2016.824093,2.1455495372940244e-11,809.5189549766687,nan,nan
2016-11-02,2016.837782,1.4710636851560025e-11,721.5724313324334,nan,nan
2016-11-07,2016.851472,1.3002871207087796e-11,697.5756164529575,nan,nan
2016-11-12,2016.865161,1.668980057951385e-11,750.8117994082821,nan,nan
2016-11-17,2016.878850,1.2326314258124614e-11,689.8906260297231,nan,nan
2016-11-22,2016.892539,1.360522977574888e-11,710.3670361137031,nan,nan
2016-11-27,2016.906229,1.5589788678636034e-11,741.1025891091676,nan,nan
2016-12-02,2016.919918,1.0825861208151855e-11,671.9775121231542,nan,nan
2016-12-07,2016.933607,1.3372132491341955e-11,715.7378255049246,nan,nan
2016-12-12,2016.947296,1.4003636554621874e-11,728.5745399611608,nan,nan
2016-12-17,2016.960986,8.734340872364352e-12,643.6013144461592,nan,nan
2016-12-22,2016.974675,1.7694276517333194e-11,789.6438509442022,nan,nan
2016-12-27,2016.988364,1.5369723292900496e-11,759.1690596200785,nan,nan
2017-01-01,2017.002053,1.4007542904234981e-11,740.7246287982832,nan,nan
2017-01-06,2017.015743,1.4854698486364267e-11,755.943702913584,nan,nan
2017-01-11,2017.029432,1.2679827767123866e-11,722.5497188913989,nan,nan
2017-01-16,2017.043121,9.583925922657558e-12,669.6666729713445,nan,nan
2017-01-21,2017.056810,1.0368462416648147e-11,684.1236848390092,nan,nan
2017-01-26,2017.070500,9.64247153345583e-12,670.5361674485409,nan,nan
2017-01-31,2017.084189,1.1682950450041432e-11,705.7514242266097,nan,nan
2017-02-05,2017.097878,1.1179702035568848e-11,695.7540230303621,nan,nan
2017-02-10,2017.111567,1.0937624429243118e-11,690.1569998023585,nan,nan
2017-02-15,2017.125257,9.995966363721134e-12,671.643928043004,nan,nan
2017-02-20,2017.138946,1.4186051566701654e-11,739.0232710401312,nan,nan
2017-02-25,2017.152635,1.519825498575507e-11,753.201805957568,nan,nan
2017-03-02,2017.166324,1.7225190406046355e-11,779.0567756465045,nan,nan
2017-03-07,2017.180014,1.6596304249686845e-11,766.430017791185,nan,nan
2017-03-12,2017.193703,1.0496993634456799e-11,669.9105027236201,nan,nan
2017-03-17,2017.207392,9.299935725461852e-12,646.5087815356064,nan,nan
2017-03-22,2017.221081,1.910592437765274e-11,790.008215616853,nan,nan
2017-03-27,2017.234771,1.019028805645366e-11,657.7547505503076,nan,nan
2017-04-01,2017.248460,1.6422984917517967e-11,750.1506265256595,nan,nan
2017-04-06,2017.262149,1.4622500894463034e-11,723.741654872744,nan,nan
2017-04-11,2017.275838,1.1786754772880216e-11,681.0259220928033,nan,nan
2017-04-16,2017.289528,1.1838852698368867e-11,682.0354813652634,nan,nan
2017-04-21,2017.303217,1.684797406788903e-11,755.6210562057579,nan,nan
2017-04-26,2017.316906,1.5359344156563695e-11,737.4590954899018,nan,nan
2017-05-01,2017.330595,1.2873320193575536e-11,703.6108481050817,nan,nan
2017-05-06,2017.344285,1.0284335345471638e-11,664.8010473235586,nan,nan
2017-05-11,2017.357974,1.0904037595279946e-11,678.4496000792928,nan,nan
2017-05-16,2017.371663,1.4331043865711223e-11,735.7921644562396,nan,nan
2017-05-21,2017.385352,1.668125955339276e-11,775.4567104654486,nan,nan
2017-05-26,2017.399042,1.1433343540262133e-11,699.5110308007954,nan,nan
2017-05-31,2017.412731,1.0898426529451613e-11,695.7583616379586,nan,nan
2017-06-05,2017.426420,9.20517907595614e-12,670.2712225477908,nan,nan
2017-06-10,2017.440110,1.0316298612788407e-11,697.4671317393093,nan,nan
2017-06-15,2017.453799,1.1364510145796675e-11,722.0738538575278,nan,nan
2017-06-20,2017.467488,9.875877045959264e-12,698.7475264726309,nan,nan
2017-06-25,2017.481177,1.0736338088060402e-11,720.0847142994128,nan,nan
2017-06-30,2017.494867,8.891928123292121e-12,686.908862247896,nan,nan
2017-07-05,2017.508556,8.557146027672689e-12,682.7086805175097,nan,nan
2017-07-10,2017.522245,1.1727457889391564e-11,749.7106946437391,nan,nan
2017-07-15,2017.535934,9.370240477784854e-12,705.0877786220102,nan,nan
2017-07-20,2017.549624,8.994513156310968e-12,698.269553481872,nan,nan
2017-07-25,2017.563313,9.398084265247267e-12,707.7176144827536,nan,nan
2017-07-30,2017.577002,8.2483194640888e-12,685.9725995901149,nan,nan
2017-08-04,2017.590691,1.27995126126943e-11,779.984086926702,nan,nan
2017-08-09,2017.604381,1.007315368783994e-11,723.3801753689905,nan,nan
2017-08-14,2017.618070,1.0210255747311855e-11,722.8781646769969,nan,nan
2017-08-19,2017.631759,1.2093283883752448e-11,756.0967113007332,nan,nan
2017-08-24,2017.645448,1.4226204729983926e-11,787.5076872564799,nan,nan
2017-08-29,2017.659138,9.684183867928656e-12,696.900627162942,nan,nan
2017-09-03,2017.672827,1.4151864340855599e-11,772.4464633613943,nan,nan
2017-09-08,2017.686516,1.5702043509248937e-11,791.1915978441015,nan,nan
2017-09-13,2017.700205,1.3051125655820241e-11,741.5010133096246,nan,nan
2017-09-18,2017.713895,1.5312304674643204e-11,771.1129826971735,nan,nan
2017-09-23,2017.727584,1.057064147622017e-11,687.1825720181232,nan,nan
2017-09-28,2017.741273,1.603031058102359e-11,769.4150328899258,nan,nan
2017-10-03,2017.754962,1.2937462147742753e-11,716.4966790197357,nan,nan
2017-10-08,2017.768652,1.2339794363671982e-11,702.6680976117336,nan,nan
2017-10-13,2017.782341,1.677639665310011e-11,763.9439019712596,nan,nan
2017-10-18,2017.796030,1.0842108198374413e-11,669.104909286967,nan,nan
2017-10-23,2017.809719,1.1557941323344858e-11,677.2783255786288,nan,nan
2017-10-28,2017.823409,1.0869619726220469e-11,665.6554958752943,nan,nan
2017-11-02,2017.837098,1.1997981519710877e-11,683.3955389703542,nan,nan
2017-11-07,2017.850787,9.484908944422495e-12,642.2331514680784,nan,nan
2017-11-12,2017.864476,1.0052621126197528e-11,652.6850570347767,nan,nan
2017-11-17,2017.878166,1.0644307388819421e-11,664.1421108475101,nan,nan
2017-11-22,2017.891855,1.5008814545899017e-11,732.9345255172773,nan,nan
2017-11-27,2017.905544,1.086655793353002e-11,672.304251217952,nan,nan
2017-12-02,2017.919233,1.3625692622883737e-11,718.7897720277364,nan,nan
2017-12-07,2017.932923,1.2583190901948596e-11,706.1535423252601,nan,nan
2017-12-12,2017.946612,1.0594827358757599e-11,677.045011653943,nan,nan
2017-12-17,2017.960301,9.415594868352874e-12,659.1818108919433,nan,nan
2017-12-22,2017.973990,9.342318806487485e-12,660.9806452470815,nan,nan
2017-12-27,2017.987680,9.21500559617652e-12,661.1239637273584,nan,nan
2018-01-01,2018.001369,8.857010083341166e-12,656.7835431557473,nan,nan
2018-01-06,2018.015058,8.370400883987738e-12,649.8507414652929,nan,nan
2018-01-11,2018.028747,8.396007510506957e-12,652.0026468515716,nan,nan
2018-01-16,2018.042437,9.61345260498792e-12,676.9168864901678,nan,nan
2018-01-21,2018.056126,8.439096878345469e-12,654.5202945161197,nan,nan
2018-01-26,2018.069815,1.1290882691669995e-11,708.0921053619978,nan,nan
2018-01-31,2018.083504,6.8652639260244155e-12,620.2671988023662,nan,nan
2018-02-05,2018.097194,8.231131151114483e-12,648.3748004483532,nan,nan
2018-02-10,2018.110883,7.758070548046689e-12,637.1510232601208,nan,nan
2018-02-15,2018.124572,7.935368253698755e-12,638.9587719285522,nan,nan
2018-02-20,2018.138261,1.0122208799446283e-11,678.6959019808763,nan,nan
2018-02-25,2018.151951,7.36846909192281e-12,622.4512700322992,nan,nan
2018-03-02,2018.165640,8.749215495918051e-12,647.4259374989588,nan,nan
2018-03-07,2018.179329,1.0367134740010137e-11,673.9501004170697,nan,nan
2018-03-12,2018.193018,9.213213043032111e-12,650.484217670026,nan,nan
2018-03-17,2018.206708,1.4891602252043474e-11,739.9391317928091,nan,nan
2018-03-22,2018.220397,8.263580058074664e-12,627.9235249741134,nan,nan
2018-03-27,2018.234086,1.0961772054302474e-11,673.522222846754,nan,nan
2018-04-01,2018.247775,9.802561375556958e-12,652.3416468053463,nan,nan
2018-04-06,2018.261465,1.3930285650406744e-11,716.6204604226909,nan,nan
2018-04-11,2018.275154,1.417241687617406e-11,719.4796615625826,nan,nan
2018-04-16,2018.288843,1.0511327635502046e-11,663.0806700620683,nan,nan
2018-04-21,2018.302533,1.606191504812924e-11,748.1087108405493,nan,nan
2018-04-26,2018.316222,9.320604680194495e-12,645.3026921433544,nan,nan
2018-05-01,2018.329911,1.1831861186337548e-11,689.9196621635655,nan,nan
2018-05-06,2018.343600,1.742917100611766e-11,775.720087152836,nan,nan
2018-05-11,2018.357290,1.3811225226351997e-11,727.8982286867332,nan,nan
2018-05-16,2018.370979,1.0177165897278391e-11,672.8351543727043,nan,nan
2018-05-21,2018.384668,9.598144789445364e-12,666.8356083818601,nan,nan
2018-05-26,2018.398357,8.510363851796945e-12,650.6923909060914,nan,nan
2018-05-31,2018.412047,9.773392702035087e-12,680.1138885511862,nan,nan
2018-06-05,2018.425736,9.643930034211494e-12,682.6360073396982,nan,nan
2018-06-10,2018.439425,8.936740404182384e-12,673.7585033847242,nan,nan
2018-06-15,2018.453114,8.754626903396774e-12,674.7759983664823,nan,nan
2018-06-20,2018.466804,8.803221244206081e-12,680.411782091551,nan,nan
2018-06-25,2018.480493,9.016614859574668e-12,689.4260122180788,nan,nan
2018-06-30,2018.494182,8.211212624045698e-12,675.7796089845765,nan,nan
2018-07-05,2018.507871,7.580923955696814e-12,664.3152815820224,nan,nan
2018-07-10,2018.521561,6.802058244142729e-12,647.6873122589454,nan,nan
2018-07-15,2018.535250,7.994863528948073e-12,677.671007011965,nan,nan
2018-07-20,2018.548939,7.87632486173206e-12,675.8989880472693,nan,nan
2018-07-25,2018.562628,9.917213303240454e-12,720.778463756702,nan,nan
2018-07-30,2018.576318,7.164435962599736e-12,658.5167819519371,nan,nan
2018-08-04,2018.590007,7.38257108087342e-12,661.9163803501025,nan,nan
2018-08-09,2018.603696,7.57895824747591e-12,664.4325723410486,nan,nan
2018-08-14,2018.617385,7.59800838374383e-12,661.9719901045274,nan,nan
2018-08-19,2018.631075,1.0289062853008995e-11,715.358056603993,nan,nan
2018-08-24,2018.644764,7.637127415988868e-12,655.280515623238,nan,nan
2018-08-29,2018.658453,7.94807603141341e-12,657.8325041423232,nan,nan
2018-09-03,2018.672142,8.009411772165236e-12,654.6758146628165,nan,nan
2018-09-08,2018.685832,8.246223842103858e-12,654.7332332158837,nan,nan
2018-09-13,2018.699521,9.993301180552532e-12,683.9687040478784,nan,nan
2018-09-18,2018.713210,1.0115345778045823e-11,680.928835301379,nan,nan
2018-09-23,2018.726899,1.2081108190502136e-11,710.1739284695245,nan,nan
2018-09-28,2018.740589,8.980163994819896e-12,650.9186664568767,nan,nan
2018-10-03,2018.754278,9.367069116901428e-12,654.2728940563464,nan,nan
2018-10-08,2018.767967,1.7041092605876395e-11,770.3742041522642,nan,nan
2018-10-13,2018.781656,1.0097917381378624e-11,660.7046380493605,nan,nan
2018-10-18,2018.795346,8.88026617767243e-12,636.8441892907531,nan,nan
2018-10-23,2018.809035,1.0040309925646133e-11,655.699032308275,nan,nan
2018-10-28,2018.822724,8.718268482346898e-12,631.4814612527791,nan,nan
2018-11-02,2018.836413,9.876111670664746e-12,651.6245663115644,nan,nan
2018-11-07,2018.850103,9.789618012740304e-12,650.4313727568108,nan,nan
2018-11-12,2018.863792,9.688756326697279e-12,649.4562502203141,nan,nan
2018-11-17,2018.877481,9.698913540005987e-12,651.1174915883762,nan,nan
2018-11-22,2018.891170,8.586309516580926e-12,632.7225467894623,nan,nan
2018-11-27,2018.904860,8.297464036918928e-12,629.5144488148073,nan,nan
2018-12-02,2018.918549,1.2746947326822603e-11,708.6194661630038,nan,nan
2018-12-07,2018.932238,9.136092966869793e-12,650.4573049149737,nan,nan
2018-12-12,2018.945927,1.0644986147053847e-11,680.3600598276932,nan,nan
2018-12-17,2018.959617,9.072782050931275e-12,654.9306769404743,nan,nan
2018-12-22,2018.973306,7.631646119352736e-12,629.0059102999114,nan,nan
2018-12-27,2018.986995,8.626783960510123e-12,651.4294589029465,nan,nan
2019-01-01,2019.000684,8.671583236388524e-12,654.563583069389,nan,nan
2019-01-06,2019.014374,9.87709411804482e-12,679.7168108855407,nan,nan
2019-01-11,2019.028063,7.2560205088931604e-12,628.3214491177876,nan,nan
2019-01-16,2019.041752,8.027693843971017e-12,645.362742120134,nan,nan
2019-01-21,2019.055441,8.037960740736788e-12,645.9011021926838,nan,nan
2019-01-26,2019.069131,1.1638945447394444e-11,714.0755384780475,nan,nan
2019-01-31,2019.082820,7.668334102619292e-12,637.6648920562764,nan,nan
2019-02-05,2019.096509,9.700480440423172e-12,676.931002186313,nan,nan
2019-02-10,2019.110198,1.1549493734258879e-11,708.4089806801541,nan,nan
2019-02-15,2019.123888,7.43761207522951e-12,628.5268858909644,nan,nan
2019-02-20,2019.137577,7.766149440233813e-12,633.157742032739,nan,nan
2019-02-25,2019.151266,7.976851602493245e-12,634.9840689278396,nan,nan
2019-03-02,2019.164956,1.4005500223735636e-11,737.1198087767773,nan,nan
2019-03-07,2019.178645,9.215863424276145e-12,653.5659020442225,nan,nan
2019-03-12,2019.192334,8.29128269953446e-12,633.4252547397648,nan,nan
2019-03-17,2019.206023,1.1153343215676447e-11,682.002413703842,nan,nan
2019-03-22,2019.219713,9.11984514364626e-12,644.1434039468195,nan,nan
2019-03-27,2019.233402,8.965045307716078e-12,639.5850301464716,nan,nan
2019-04-01,2019.247091,1.1233363514877726e-11,677.1929733698632,nan,nan
2019-04-06,2019.260780,1.406336728812643e-11,720.0758068768994,nan,nan
2019-04-11,2019.274470,1.5297535142808426e-11,737.4927952482358,nan,nan
2019-04-16,2019.288159,1.1222842340066335e-11,676.2330501241661,nan,nan
2019-04-21,2019.301848,1.0732172113911727e-11,669.1807711364573,nan,nan
2019-04-26,2019.315537,8.911471523225208e-12,638.9052312110449,nan,nan
2019-05-01,2019.329227,9.930329748600662e-12,659.1821418934305,nan,nan
2019-05-06,2019.342916,1.0408607720341026e-11,670.0417855984439,nan,nan
2019-05-11,2019.356605,1.2469913421742568e-11,708.1034418753684,nan,nan
2019-05-16,2019.370294,1.2061883027341167e-11,706.0054773459451,nan,nan
2019-05-21,2019.383984,9.357625907388022e-12,663.2842223431849,nan,nan
2019-05-26,2019.397673,8.85465757287579e-12,658.221201613977,nan,nan
2019-05-31,2019.411362,8.905289127927997e-12,663.9744948010955,nan,nan
2019-06-05,2019.425051,1.0411576657056482e-11,698.2403010407547,nan,nan
2019-06-10,2019.438741,8.883243104001067e-12,673.7846846507017,nan,nan
2019-06-15,2019.452430,8.174608969807049e-12,663.968713815555,nan,nan
2019-06-20,2019.466119,7.565853589580342e-12,654.8034734960165,nan,nan
2019-06-25,2019.479808,7.491656147463314e-12,657.1255537401505,nan,nan
2019-06-30,2019.493498,7.591688077298513e-12,663.0376257729959,nan,nan
2019-07-05,2019.507187,8.675567486013078e-12,690.464339656573,nan,nan
2019-07-10,2019.520876,9.860707449714103e-12,718.3526595943017,nan,nan
2019-07-15,2019.534565,6.8635777716276905e-12,652.5215058966514,nan,nan
2019-07-20,2019.548255,6.789302106902648e-12,651.7140004035239,nan,nan
2019-07-25,2019.561944,7.0041220382171585e-12,657.2835196632193,nan,nan
2019-07-30,2019.575633,7.040169131218547e-12,657.4515337948646,nan,nan
2019-08-04,2019.589322,6.99092874101285e-12,654.7632680408423,nan,nan
2019-08-09,2019.603012,8.132341408871166e-12,679.3312429234088,nan,nan
2019-08-14,2019.616701,8.076632190643134e-12,675.1183203986943,nan,nan
2019-08-19,2019.630390,7.1793524345372445e-12,650.9895495698349,nan,nan
2019-08-24,2019.644079,6.429254229712108e-12,629.3094565201114,nan,nan
2019-08-29,2019.657769,7.486724663469317e-12,649.788575320686,nan,nan
2019-09-03,2019.671458,1.05781834366518e-11,708.084903912244,nan,nan
2019-09-08,2019.685147,9.167321505783857e-12,675.2304249235924,nan,nan
2019-09-13,2019.698836,9.325423936857252e-12,673.0704435684322,nan,nan
2019-09-18,2019.712526,8.397828049855387e-12,649.7243306876271,nan,nan
2019-09-23,2019.726215,8.597236498225718e-12,649.0588771258814,nan,nan
2019-09-28,2019.739904,1.3702231419559764e-11,732.5227081778564,nan,nan
2019-10-03,2019.753593,8.932510859528853e-12,647.2223825447325,nan,nan
2019-10-08,2019.767283,1.0666985968209018e-11,674.6540314278577,nan,nan
2019-10-13,2019.780972,8.075759335823162e-12,624.9419698683776,nan,nan
2019-10-18,2019.794661,9.527964858467421e-12,649.4098752900089,nan,nan
2019-10-23,2019.808350,9.52463465783066e-12,647.5617269600255,nan,nan
2019-10-28,2019.822040,1.3302922889171819e-11,707.4121428708839,nan,nan
2019-11-02,2019.835729,8.590693576436627e-12,629.281531064908,nan,nan
2019-11-07,2019.849418,9.97575073595038e-12,654.2116327437319,nan,nan
2019-11-12,2019.863107,1.1339834628282437e-11,677.606184794342,nan,nan
2019-11-17,2019.876797,1.1327422291677826e-11,678.8784412555608,nan,nan
2019-11-22,2019.890486,1.3298238353152096e-11,712.0364611885303,nan,nan
2019-11-27,2019.904175,9.626965896223545e-12,654.4037208978491,nan,nan
2019-12-02,2019.917864,9.339047265039973e-12,651.9507791166659,nan,nan
2019-12-07,2019.931554,9.26690787571576e-12,653.4399184812673,nan,nan
2019-12-12,2019.945243,1.0491403730851115e-11,678.2445350141611,nan,nan
2019-12-17,2019.958932,9.063949467230795e-12,655.1519447893438,nan,nan
2019-12-22,2019.972621,7.683178574827927e-12,630.5427033089645,nan,nan
2019-12-27,2019.986311,8.814674114797885e-12,655.4972381455357,nan,nan
2020-01-01,2020.000000,8.55008039905145e-12,652.4928788055502,nan,nan
2020-01-06,2020.013689,9.781672900246678e-12,678.1132779485092,nan,nan
2020-01-11,2020.027379,1.0059001096738128e-11,685.058867485197,nan,nan
2020-01-16,2020.041068,8.602221510414675e-12,657.843401420608,nan,nan
2020-01-21,2020.054757,7.290545882190763e-12,630.8857236795684,nan,nan
2020-01-26,2020.068446,7.276026160621907e-12,630.4538918148778,nan,nan
2020-01-31,2020.082136,1.3432732241238842e-11,744.6234981761684,nan,nan
2020-02-05,2020.095825,8.499808130425049e-12,654.3195438138605,nan,nan
2020-02-10,2020.109514,9.79358180920568e-12,677.7167301868603,nan,nan
2020-02-15,2020.123203,7.328934282550078e-12,626.4171072195387,nan,nan
2020-02-20,2020.136893,8.536328002517554e-12,648.8935326755849,nan,nan
2020-02-25,2020.150582,8.753594687014852e-12,650.6711030567858,nan,nan
2020-03-01,2020.164271,1.2145606922564613e-11,707.8130731533486,nan,nan
2020-03-06,2020.177960,9.011538122065745e-12,650.0252283215577,nan,nan
2020-03-11,2020.191650,9.344614726700424e-12,653.4229759502534,nan,nan
2020-03-16,2020.205339,9.368305696035672e-12,651.2198564034331,nan,nan
2020-03-21,2020.219028,1.1308514547032948e-11,682.1545803452073,nan,nan
2020-03-26,2020.232717,8.731350111105768e-12,635.3075335918157,nan,nan
2020-03-31,2020.246407,1.3666246664978387e-11,714.7566002899592,nan,nan
2020-04-05,2020.260096,8.84461831539237e-12,634.8111650003226,nan,nan
2020-04-10,2020.273785,1.0185407707967946e-11,657.9149368567455,nan,nan
2020-04-15,2020.287474,8.86527070784418e-12,634.825941706212,nan,nan
2020-04-20,2020.301164,1.0022563615019907e-11,656.0636878194482,nan,nan
2020-04-25,2020.314853,1.1622702436400865e-11,684.1639031549253,nan,nan
2020-04-30,2020.328542,1.0168442490962255e-11,662.1345372271637,nan,nan
2020-05-05,2020.342231,1.0157316468200139e-11,664.7121984467377,nan,nan
2020-05-10,2020.355921,9.732249147779305e-12,660.7539391096068,nan,nan
2020-05-15,2020.369610,9.39793490058074e-12,658.5522154158623,nan,nan
2020-05-20,2020.383299,9.488852482748206e-12,664.5123294422993,nan,nan
2020-05-25,2020.396988,1.286857178877904e-11,728.3523926456882,nan,nan
2020-05-30,2020.410678,8.020199285990028e-12,644.9404675682813,nan,nan
2020-06-04,2020.424367,9.071139981931044e-12,671.0420351551379,nan,nan
2020-06-09,2020.438056,9.049299617337458e-12,675.7125472336152,nan,nan
2020-06-14,2020.451745,8.703791715826903e-12,673.6111126201135,nan,nan
2020-06-19,2020.465435,8.157717036879985e-12,666.6459176447149,nan,nan
2020-06-24,2020.479124,7.811527844396525e-12,663.082866805187,nan,nan
2020-06-29,2020.492813,7.657233298611164e-12,662.7328244712978,nan,nan
2020-07-04,2020.506502,7.658233238411068e-12,665.5753557217774,nan,nan
2020-07-09,2020.520192,6.469894567734929e-12,639.1126244666684,nan,nan
2020-07-14,2020.533881,7.286914529339406e-12,660.8411825286678,nan,nan
2020-07-19,2020.547570,7.193456660812105e-12,659.4790526352965,nan,nan
2020-07-24,2020.561259,7.225214162184825e-12,660.2777846586254,nan,nan
2020-07-29,2020.574949,7.4881426155357e-12,665.7572969910357,nan,nan
2020-08-03,2020.588638,1.067043422709956e-11,732.7951283342798,nan,nan
2020-08-08,2020.602327,8.292316049265173e-12,680.2021114620277,nan,nan
2020-08-13,2020.616016,8.211448630672861e-12,675.4005514655346,nan,nan
2020-08-18,2020.629706,6.974870043735873e-12,643.8789590777285,nan,nan
2020-08-23,2020.643395,9.177081435581826e-12,688.2579345032138,nan,nan
2020-08-28,2020.657084,8.067172563319922e-12,660.0899687326928,nan,nan
2020-09-02,2020.670773,1.1303672839556704e-11,718.675081031016,nan,nan
2020-09-07,2020.684463,8.570782251537648e-12,660.8394427735959,nan,nan
2020-09-12,2020.698152,8.678554331308164e-12,658.0005411393712,nan,nan
2020-09-17,2020.711841,8.635847865326407e-12,652.3831759061807,nan,nan
2020-09-22,2020.725530,9.05454648672084e-12,656.3355352639715,nan,nan
2020-09-27,2020.739220,1.3239320520720026e-11,723.7364241241874,nan,nan
2020-10-02,2020.752909,1.3820088065387108e-11,728.5877806652769,nan,nan
2020-10-07,2020.766598,1.0364004468245926e-11,668.6749079772077,nan,nan
2020-10-12,2020.780287,1.0355014540769209e-11,665.2258423582755,nan,nan
2020-10-17,2020.793977,1.0715623622808588e-11,669.1578703537214,nan,nan
2020-10-22,2020.807666,1.1226078257840547e-11,676.430166477599,nan,nan
2020-10-27,2020.821355,1.3129134695891635e-11,704.9794630271638,nan,nan
2020-11-01,2020.835044,1.3962309809129466e-11,716.3275623821771,nan,nan
2020-11-06,2020.848734,1.242091543724047e-11,692.9148090274722,nan,nan
2020-11-11,2020.862423,1.1549482746109736e-11,679.8790818955629,nan,nan
2020-11-16,2020.876112,1.2696478592743736e-11,699.1033880628736,nan,nan
2020-11-21,2020.889802,1.080515914622807e-11,670.3174631790691,nan,nan
2020-11-26,2020.903491,1.5770736384980303e-11,747.5937653311647,nan,nan
2020-12-01,2020.917180,1.5942522022599014e-11,752.6269708086688,nan,nan
2020-12-06,2020.930869,1.4697311744934326e-11,737.7795483460354,nan,nan
2020-12-11,2020.944559,1.2591493257505893e-11,708.4831050493221,nan,nan
2020-12-16,2020.958248,1.0435978908335958e-11,675.0897392877744,nan,nan
2020-12-21,2020.971937,1.133356170345845e-11,691.5392278901738,nan,nan
2020-12-26,2020.985626,1.2270705861774319e-11,708.821775131177,nan,nan
2020-12-31,2020.999316,1.2351940438021575e-11,712.5085835132027,nan,nan
2021-01-05,2021.013005,9.70286007345656e-12,667.911443809171,nan,nan
2021-01-10,2021.026694,8.619558361368005e-12,647.7040514642638,nan,nan
2021-01-15,2021.040383,7.977834885639634e-12,635.1953202832726,nan,nan
2021-01-20,2021.054073,9.591694544366357e-12,666.8910150420144,nan,nan
2021-01-25,2021.067762,1.064492338905566e-11,685.898490988985,nan,nan
2021-01-30,2021.081451,9.247115951646705e-12,660.1436955785753,nan,nan
2021-02-04,2021.095140,1.3105518699286334e-11,725.788360162598,nan,nan
2021-02-09,2021.108830,9.392545497989657e-12,660.6892868887387,nan,nan
2021-02-14,2021.122519,9.421681732262512e-12,659.9242680097832,nan,nan
2021-02-19,2021.136208,8.532781546572485e-12,641.1278647514841,nan,nan
2021-02-24,2021.149897,1.1960386772981265e-11,699.2109976869608,nan,nan
2021-03-01,2021.163587,1.0833639325528775e-11,677.6333807657705,nan,nan
2021-03-06,2021.177276,9.412943765263036e-12,650.4849467714662,nan,nan
2021-03-11,2021.190965,9.619373359549723e-12,651.945732841449,nan,nan
2021-03-16,2021.204654,1.2815102593442144e-11,702.2744001889366,nan,nan
2021-03-21,2021.218344,1.748092627599404e-11,765.921159449084,nan,nan
2021-03-26,2021.232033,1.2192445270302683e-11,687.9831680438464,nan,nan
2021-03-31,2021.245722,1.180979908911012e-11,680.6829153941072,nan,nan
2021-04-05,2021.259411,1.1301623850809733e-11,671.7572780331209,nan,nan
2021-04-10,2021.273101,1.0363164052033631e-11,655.8778468019452,nan,nan
2021-04-15,2021.286790,1.1770849692282427e-11,678.6423304527952,nan,nan
2021-04-20,2021.300479,1.665288247616102e-11,749.9867438565751,nan,nan
2021-04-25,2021.314168,1.274381426233267e-11,696.0962283474285,nan,nan
2021-04-30,2021.327858,1.2307449204909199e-11,691.7054558846822,nan,nan
2021-05-05,2021.341547,9.790899185841022e-12,653.3078032375936,nan,nan
2021-05-10,2021.355236,1.116998471743571e-11,679.7393131918137,nan,nan
2021-05-15,2021.368925,1.1536463476921028e-11,689.5393993058412,nan,nan
2021-05-20,2021.382615,1.1567270065008335e-11,694.4240372364682,nan,nan
2021-05-25,2021.396304,1.0079653031225917e-11,673.3900865651174,nan,nan
2021-05-30,2021.409993,1.1129596033096775e-11,696.9425885530586,nan,nan
2021-06-04,2021.423682,1.057176482653643e-11,691.9755195863125,nan,nan
2021-06-09,2021.437372,1.060429351047093e-11,697.4215778561554,nan,nan
2021-06-14,2021.451061,1.0625999404864092e-11,702.9038559485391,nan,nan
2021-06-19,2021.464750,1.0266436285909243e-11,699.99364969161,nan,nan
2021-06-24,2021.478439,1.0264906211542529e-11,703.2854303664044,nan,nan
2021-06-29,2021.492129,1.0999915354449392e-11,720.9998189418027,nan,nan
2021-07-04,2021.505818,1.1456994812399192e-11,732.8994388797864,nan,nan
2021-07-09,2021.519507,9.756898980345622e-12,701.8676421617963,nan,nan
2021-07-14,2021.533196,8.862613735804744e-12,684.4355863129847,nan,nan
2021-07-19,2021.546886,9.245488674900701e-12,692.8187628684326,nan,nan
2021-07-24,2021.560575,1.0847229140292533e-11,724.3873571444735,nan,nan
2021-07-29,2021.574264,1.413091994253344e-11,783.5091540005324,nan,nan
2021-08-03,2021.587953,1.4444749236500575e-11,787.8982980005724,nan,nan
2021-08-08,2021.601643,1.0291820863102748e-11,709.4451015905087,nan,nan
2021-08-13,2021.615332,9.157892893106492e-12,683.6698441567294,nan,nan
2021-08-18,2021.629021,9.60992769006931e-12,688.7570621265616,nan,nan
2021-08-23,2021.642710,1.001935918462244e-11,692.2243588342506,nan,nan
2021-08-28,2021.656400,2.1344620752632804e-11,866.7770068029929,nan,nan
2021-09-02,2021.670089,1.171629382160775e-11,712.4176549886636,nan,nan
2021-09-07,2021.683778,1.210983776392753e-11,714.3995645449896,nan,nan
2021-09-12,2021.697467,1.2869233473184383e-11,722.1739582865785,nan,nan
2021-09-17,2021.711157,1.1414730060415085e-11,693.1787185185108,nan,nan
2021-09-22,2021.724846,1.5766150284534e-11,755.6450536949571,nan,nan
2021-09-27,2021.738535,1.2824307811537195e-11,706.3530472073287,nan,nan
2021-10-02,2021.752225,1.6944128897470867e-11,761.4047063885444,nan,nan
2021-10-07,2021.765914,1.821126232579334e-11,773.6959081570336,nan,nan
2021-10-12,2021.779603,1.4079080432915692e-11,713.3821701263993,nan,nan
2021-10-17,2021.793292,1.520599217636649e-11,726.2342530037761,nan,nan
2021-10-22,2021.806982,1.485098309669659e-11,718.2580831215971,nan,nan
2021-10-27,2021.820671,1.6597274203560754e-11,740.214800674782,nan,nan
2021-11-01,2021.834360,2.3375221376965083e-11,822.6613277807105,nan,nan
2021-11-06,2021.848049,2.315932869397215e-11,820.4239556731529,nan,nan
2021-11-11,2021.861739,1.506125294732373e-11,721.4967863377352,nan,nan
2021-11-16,2021.875428,1.554727338632153e-11,730.1430428865991,nan,nan
2021-11-21,2021.889117,1.7508233969427903e-11,758.9474394712707,nan,nan
2021-11-26,2021.902806,1.424857705478282e-11,716.5319265790238,nan,nan
2021-12-01,2021.916496,1.5216167837649085e-11,733.4931540240583,nan,nan
2021-12-06,2021.930185,1.7949440326331117e-11,773.8898116919676,nan,nan
2021-12-11,2021.943874,1.2040688894136344e-11,691.4204113291069,nan,nan
2021-12-16,2021.957563,1.721153104082896e-11,769.0633673654895,nan,nan
2021-12-21,2021.971253,2.3211942820162854e-11,850.6493128577899,nan,nan
2021-12-26,2021.984942,2.2090685882071597e-11,842.5267975616089,nan,nan
2021-12-31,2021.998631,1.7383430267560508e-11,784.1744572522409,nan,nan
2022-01-05,2022.012320,1.2193125981123954e-11,707.8863357284538,nan,nan
2022-01-10,2022.026010,1.4165093271159863e-11,740.2477077222717,nan,nan
2022-01-15,2022.039699,2.8779543457916942e-11,936.9101395715195,nan,nan
2022-01-20,2022.053388,1.9771849531102093e-11,820.302954302023,nan,nan
2022-01-25,2022.067077,1.596358315260529e-11,765.9230693387278,nan,nan
2022-01-30,2022.080767,1.665333869059119e-11,772.8229122164505,nan,nan
2022-02-04,2022.094456,2.2305471101653613e-11,847.4496065012102,nan,nan
2022-02-09,2022.108145,2.0957439307561787e-11,825.654326817593,nan,nan
2022-02-14,2022.121834,2.301072005010382e-11,849.4109645427752,nan,nan
2022-02-19,2022.135524,1.9264817245082803e-11,799.4409973563354,nan,nan
2022-02-24,2022.149213,1.8815179253663095e-11,791.1277033141032,nan,nan
2022-03-01,2022.162902,1.9166088777800024e-11,791.30170086421,nan,nan
2022-03-06,2022.176591,2.681666563013225e-11,880.3966078930509,nan,nan
2022-03-11,2022.190281,2.5979799077908075e-11,868.7003886762985,nan,nan
2022-03-16,2022.203970,2.2720684186533927e-11,827.8510898938068,nan,nan
2022-03-21,2022.217659,1.8770675906790816e-11,775.550384230415,nan,nan
2022-03-26,2022.231348,2.2020949538783892e-11,811.6023874449803,nan,nan
2022-03-31,2022.245038,2.8285886204121376e-11,881.67410415821,nan,nan
2022-04-05,2022.258727,2.8910212526048328e-11,889.7124127727845,nan,nan
2022-04-10,2022.272416,3.115453963380852e-11,917.9356270168623,nan,nan
2022-04-15,2022.286105,3.6376914431813254e-11,976.4631222229658,nan,nan
2022-04-20,2022.299795,2.418970023364417e-11,841.9420281947434,nan,nan
2022-04-25,2022.313484,2.8043724640338176e-11,887.8309812066382,nan,nan
2022-04-30,2022.327173,3.276885155722728e-11,945.1562279026298,nan,nan
2022-05-05,2022.340862,2.248401371403252e-11,831.5152622701066,nan,nan
2022-05-10,2022.354552,2.281373232335346e-11,840.7486386876893,nan,nan
2022-05-15,2022.368241,2.956923480717273e-11,927.7236582100261,nan,nan
2022-05-20,2022.381930,3.146590374296517e-11,958.9613227748705,nan,nan
2022-05-25,2022.395619,2.8290027774927777e-11,931.4780425399604,nan,nan
2022-05-30,2022.409309,2.5434392171110945e-11,904.3958291176017,nan,nan
2022-06-04,2022.422998,1.7581633550232024e-11,803.7676089154579,nan,nan
2022-06-09,2022.436687,1.611262666566402e-11,790.1081380520683,nan,nan
2022-06-14,2022.450376,2.443208393122035e-11,921.019812117988,nan,nan
2022-06-19,2022.464066,2.447454384437005e-11,928.7340832481431,nan,nan
2022-06-24,2022.477755,2.139320908121821e-11,889.2050934314868,nan,nan
2022-06-29,2022.491444,1.6003410975317497e-11,807.1093622541803,nan,nan
2022-07-04,2022.505133,1.482501483534879e-11,786.766742964029,nan,nan
2022-07-09,2022.518823,1.89919171767458e-11,856.9839461423928,nan,nan
2022-07-14,2022.532512,2.129741568189114e-11,895.035964677641,nan,nan
2022-07-19,2022.546201,2.1579310189421026e-11,902.8688819965979,nan,nan
2022-07-24,2022.559890,1.787574862972508e-11,851.143664743887,nan,nan
2022-07-29,2022.573580,1.580782262336497e-11,816.6105977707705,nan,nan
2022-08-03,2022.587269,1.48450046077568e-11,796.5105388878003,nan,nan
2022-08-08,2022.600958,2.213273966336976e-11,911.4807530307464,nan,nan
2022-08-13,2022.614648,1.824612360237646e-11,850.6542836216777,nan,nan
2022-08-18,2022.628337,2.4680524673531217e-11,946.2228965143925,nan,nan
2022-08-23,2022.642026,1.6021823237726977e-11,805.7778722915427,nan,nan
2022-08-28,2022.655715,1.9654783769031172e-11,851.2810625826701,nan,nan
2022-09-02,2022.669405,1.89342025105016e-11,832.6959518028591,nan,nan
2022-09-07,2022.683094,2.4689488305746695e-11,904.6219122650116,nan,nan
2022-09-12,2022.696783,2.819990116461532e-11,940.6562573984739,nan,nan
2022-09-17,2022.710472,2.396164895524821e-11,875.544063576106,nan,nan
2022-09-22,2022.724162,2.225814949077682e-11,847.4877786879887,nan,nan
2022-09-27,2022.737851,2.3092359054413462e-11,848.7422476631932,nan,nan
2022-10-02,2022.751540,2.5692510169180645e-11,872.5630481226127,nan,nan
2022-10-07,2022.765229,3.580975021936347e-11,979.8823725615713,nan,nan
2022-10-12,2022.778919,3.11330263763545e-11,918.2422906628385,nan,nan
2022-10-17,2022.792608,3.1129826575906875e-11,911.6286812847375,nan,nan
2022-10-22,2022.806297,2.365619457795403e-11,825.3286021609406,nan,nan
2022-10-27,2022.819986,2.3713112347333128e-11,824.2915441695566,nan,nan
2022-11-01,2022.833676,3.2628775208718146e-11,920.2403365059995,nan,nan
2022-11-06,2022.847365,3.097353967225251e-11,901.2540330732157,nan,nan
2022-11-11,2022.861054,2.709898644127506e-11,860.8127168470901,nan,nan
2022-11-16,2022.874743,2.6668932208756906e-11,856.8701047012939,nan,nan
2022-11-21,2022.888433,2.5752557188431648e-11,851.1503510564596,nan,nan
2022-11-26,2022.902122,2.749882083945989e-11,874.9569661489502,nan,nan
2022-12-01,2022.915811,2.6117582946731546e-11,864.1603715013132,nan,nan
2022-12-06,2022.929500,2.763545024420544e-11,890.4621452906383,nan,nan
2022-12-11,2022.943190,2.9615890353121164e-11,924.9489518699775,nan,nan
2022-12-16,2022.956879,2.8870008639948928e-11,928.531612157638,nan,nan
2022-12-21,2022.970568,2.8389338387334948e-11,932.0018191620767,nan,nan
2022-12-26,2022.984257,2.5839646206546428e-11,902.1179773786342,nan,nan
2022-12-31,2022.997947,3.558789773407998e-11,1023.1311031406094,nan,nan
2023-01-05,2023.011636,2.932952058842198e-11,958.9600546630596,nan,nan
2023-01-10,2023.025325,3.256426548557987e-11,1006.3379196471615,nan,nan
2023-01-15,2023.039014,3.283453120997406e-11,1014.1501914567335,nan,nan
2023-01-20,2023.052704,3.5075514150228586e-11,1042.5710193497391,nan,nan
2023-01-25,2023.066393,3.231447945646169e-11,1007.8834762633616,nan,nan
2023-01-30,2023.080082,2.8682051294793085e-11,954.3637058464892,nan,nan
2023-02-04,2023.093771,3.2265656966665e-11,988.1695878791095,nan,nan
2023-02-09,2023.107461,3.814126992382019e-11,1043.5060306671585,nan,nan
2023-02-14,2023.121150,3.769402079118195e-11,1029.7769144515605,nan,nan
2023-02-19,2023.134839,3.259890913936422e-11,962.2147941955985,nan,nan
2023-02-24,2023.148528,3.7873336127795573e-11,1001.9633955260606,nan,nan
2023-03-01,2023.162218,3.4944426160966756e-11,951.7888657696669,nan,nan
2023-03-06,2023.175907,4.263998250915056e-11,1019.9586387914388,nan,nan
2023-03-11,2023.189596,4.5858465612808404e-11,1047.3059859624477,nan,nan
2023-03-16,2023.203285,3.7053510435004533e-11,955.8135396872395,nan,nan
2023-03-21,2023.216975,3.962939563049181e-11,979.9514470789791,nan,nan
2023-03-26,2023.230664,3.711687322295724e-11,951.5423230735505,nan,nan
2023-03-31,2023.244353,4.3914844259952614e-11,1018.0574161191316,nan,nan
2023-04-05,2023.258042,3.304048662307749e-11,910.2275775217582,nan,nan
2023-04-10,2023.271732,3.37358305347205e-11,916.811194969884,nan,nan
2023-04-15,2023.285421,3.821821239446148e-11,965.1494683649918,nan,nan
2023-04-20,2023.299110,4.179496300245728e-11,1005.635842150749,nan,nan
2023-04-25,2023.312799,3.8120996399356596e-11,979.031379487262,nan,nan
2023-04-30,2023.326489,3.7031760474408174e-11,978.3035100826114,nan,nan
2023-05-05,2023.340178,3.510951863625021e-11,963.9080535361502,nan,nan
2023-05-10,2023.353867,3.668637915996167e-11,991.0613538497641,nan,nan
2023-05-15,2023.367556,3.732329046159835e-11,1014.9242333853884,nan,nan
2023-05-20,2023.381246,3.1358419576328716e-11,960.6331947260957,nan,nan
2023-05-25,2023.394935,3.370920353681214e-11,1009.3964304819488,nan,nan
2023-05-30,2023.408624,2.8142463985272185e-11,952.9130873119718,nan,nan
2023-06-04,2023.422313,2.6152131678050686e-11,949.9722654194318,nan,nan
2023-06-09,2023.436003,2.9092441043945647e-11,1013.3928178582695,nan,nan
2023-06-14,2023.449692,2.8144159234490836e-11,1016.1398106556694,nan,nan
2023-06-19,2023.463381,2.6560291562941895e-11,1003.5522457061534,nan,nan
2023-06-24,2023.477070,2.8884809539513186e-11,1052.1416769579641,nan,nan
2023-06-29,2023.490760,2.3500199619597106e-11,983.3131157747703,nan,nan
2023-07-04,2023.504449,2.266578288998769e-11,969.3706524455197,nan,nan
2023-07-09,2023.518138,2.3850640987476168e-11,989.8060814242644,nan,nan
2023-07-14,2023.531828,3.0353258466535175e-11,1093.212142392207,nan,nan
2023-07-19,2023.545517,2.938057974123913e-11,1069.249410712494,nan,nan
2023-07-24,2023.559206,2.871357111124582e-11,1057.2758938030574,nan,nan
2023-07-29,2023.572895,2.626783079317848e-11,1012.9618171967102,nan,nan
2023-08-03,2023.586585,3.292041282925724e-11,1104.9344394020327,nan,nan
2023-08-08,2023.600274,2.754213158739356e-11,1012.3820757245443,nan,nan
2023-08-13,2023.613963,2.512902983139939e-11,960.2712115104753,nan,nan
2023-08-18,2023.627652,2.8144165496157568e-11,990.121775337781,nan,nan
2023-08-23,2023.641342,2.595246895560856e-11,939.1934779718547,nan,nan
2023-08-28,2023.655031,2.695506431819303e-11,936.8607707940366,nan,nan
2023-09-02,2023.668720,2.6922737984409028e-11,922.8219120642699,nan,nan
2023-09-07,2023.682409,3.139647078194321e-11,966.8977943696948,nan,nan
2023-09-12,2023.696099,3.431287322603327e-11,987.8094418327178,nan,nan
2023-09-17,2023.709788,2.8260484358390644e-11,905.8927812116801,nan,nan
2023-09-22,2023.723477,3.860980303522042e-11,1011.48756815122,nan,nan
2023-09-27,2023.737166,4.3285722012110395e-11,1050.5436150742735,nan,nan
2023-10-02,2023.750856,3.318590478273243e-11,933.3228505355892,nan,nan
2023-10-07,2023.764545,3.6401908994443965e-11,958.7181920734647,nan,nan
2023-10-12,2023.778234,3.5280345619299e-11,941.3139016508599,nan,nan
2023-10-17,2023.791923,3.132140829391802e-11,898.4640867381994,nan,nan
2023-10-22,2023.805613,3.2263810728391326e-11,903.4039431488814,nan,nan
2023-10-27,2023.819302,3.122123612202845e-11,890.0064494492997,nan,nan
2023-11-01,2023.832991,3.0749429731363866e-11,884.3623484244766,nan,nan
2023-11-06,2023.846680,6.173159375660289e-11,1186.505351492892,nan,nan
2023-11-11,2023.860370,3.60932543186136e-11,939.8587961540512,nan,nan
2023-11-16,2023.874059,3.463272992328883e-11,926.5485397615164,nan,nan
2023-11-21,2023.887748,2.917684666992829e-11,871.6275922621924,nan,nan
2023-11-26,2023.901437,5.7136104059236784e-11,1150.855658419423,nan,nan
2023-12-01,2023.915127,3.9596773360798304e-11,982.696961165897,nan,nan
2023-12-06,2023.928816,3.5825921189771574e-11,949.4985601531066,nan,nan
2023-12-11,2023.942505,2.702745009015669e-11,859.222671614275,nan,nan
2023-12-16,2023.956194,3.338515064265835e-11,929.1355114357602,nan,nan
2023-12-21,2023.969884,3.8215510642433775e-11,984.1857929991693,nan,nan
2023-12-26,2023.983573,3.860935914659184e-11,990.678799262752,nan,nan
2023-12-31,2023.997262,3.069707595876173e-11,911.8449827864675,nan,nan
2024-01-05,2024.010951,2.8708546256597243e-11,890.342966940108,nan,nan
2024-01-10,2024.024641,3.5872135562368025e-11,970.1429279297059,nan,nan
2024-01-15,2024.038330,3.8758510707026796e-11,1004.9721184849716,nan,nan
2024-01-20,2024.052019,3.798611342317098e-11,1002.4162636329961,nan,nan
2024-01-25,2024.065708,3.461707326992901e-11,967.7376127311352,nan,nan
2024-01-30,2024.079398,3.1251540207735935e-11,925.560944984177,nan,nan
2024-02-04,2024.093087,2.9921427389197185e-11,905.5536354969217,nan,nan
2024-02-09,2024.106776,3.7360085420543565e-11,987.1152599810744,nan,nan
2024-02-14,2024.120465,4.4892331148887645e-11,1070.8906357344397,nan,nan
2024-02-19,2024.134155,3.2569719439738955e-11,938.8234151578579,nan,nan
2024-02-24,2024.147844,2.94850785236377e-11,898.76800966453,nan,nan
2024-02-29,2024.161533,3.1512629699244357e-11,915.5492910636501,nan,nan
2024-03-05,2024.175222,3.097982356727369e-11,906.7682235630994,nan,nan
2024-03-10,2024.188912,3.298513610310986e-11,927.1222866371434,nan,nan
2024-03-15,2024.202601,3.3331758492873154e-11,931.6564986255364,nan,nan
2024-03-20,2024.216290,3.4956198268524706e-11,943.3682576981352,nan,nan
2024-03-25,2024.229979,6.465162499559557e-11,1238.2673025074478,nan,nan
2024-03-30,2024.243669,3.648036797637785e-11,956.5031862523667,nan,nan
2024-04-04,2024.257358,2.95184166683556e-11,890.7572119572847,nan,nan
2024-04-09,2024.271047,3.050807680486094e-11,899.4649038162181,nan,nan
2024-04-14,2024.284736,3.7848386474199034e-11,974.6985107603196,nan,nan
2024-04-19,2024.298426,4.5429951784318455e-11,1059.479365963754,nan,nan
2024-04-24,2024.312115,4.948356936864078e-11,1121.9154924424427,nan,nan
2024-04-29,2024.325804,3.6329953925987993e-11,994.7507553049473,nan,nan
2024-05-04,2024.339493,3.140731823129188e-11,945.8600255169001,nan,nan
2024-05-09,2024.353183,3.9578123845983335e-11,1047.9342675796934,nan,nan
2024-05-14,2024.366872,4.515994706554369e-11,1146.435016929782,nan,nan
2024-05-19,2024.380561,4.278263301283818e-11,1163.198833272238,nan,nan
2024-05-24,2024.394251,3.684856451780131e-11,1112.7140791928045,nan,nan
2024-05-29,2024.407940,2.7886261764321484e-11,999.387571502167,nan,nan
2024-06-03,2024.421629,3.062375803934014e-11,1058.4394818740102,nan,nan
2024-06-08,2024.435318,3.6247231824793436e-11,1196.3482915692216,nan,nan
2024-06-13,2024.449008,2.7621753044633223e-11,1093.6279809346138,nan,nan
2024-06-18,2024.462697,2.7524697223202054e-11,1104.5069948009984,nan,nan
2024-06-23,2024.476386,2.304444700721125e-11,1032.3586794565967,nan,nan
2024-06-28,2024.490075,2.5011117180908107e-11,1119.347047530118,nan,nan
2024-07-03,2024.503765,2.019704730392108e-11,1113.298612953872,nan,nan
2024-07-08,2024.517454,1.684541325031989e-11,1075.8444899044057,nan,nan
2024-07-13,2024.531143,1.7135098180654613e-11,1124.3807088230772,nan,nan
2024-07-18,2024.544832,1.7822349776516952e-11,1183.6644400320754,nan,nan
2024-07-23,2024.558522,1.616406136108884e-11,1149.3926466030546,nan,nan
2024-07-28,2024.572211,1.5588716671055048e-11,1171.907733031482,nan,nan
2024-08-02,2024.585900,1.759726246427695e-11,1202.8328453936028,nan,nan
2024-08-07,2024.599589,1.9845387913357805e-11,1191.2064561381221,nan,nan
2024-08-12,2024.613279,2.6076549577142903e-11,1343.5896945617746,nan,nan
2024-08-17,2024.626968,2.3374419044448725e-11,1215.246061955594,nan,nan
2024-08-22,2024.640657,2.4197163945698096e-11,1167.8107255691698,nan,nan
2024-08-27,2024.654346,2.382904031753848e-11,1145.1649633305055,nan,nan
2024-09-01,2024.668036,2.8885275977402353e-11,1262.3248768803576,nan,nan
2024-09-06,2024.681725,2.7998242283429123e-11,1221.6426903167946,nan,nan
2024-09-11,2024.695414,3.1638541738512e-11,1194.9344998135507,nan,nan
2024-09-16,2024.709103,3.672052407591572e-11,1170.613314854057,nan,nan
2024-09-21,2024.722793,3.2834459093468036e-11,1041.9650421182205,nan,nan
2024-09-26,2024.736482,4.542182753198724e-11,1178.9908382829988,nan,nan
2024-10-01,2024.750171,4.606820246473844e-11,1163.9878217108578,nan,nan
2024-10-06,2024.763860,5.316953322056102e-11,1201.1045526115588,nan,nan
2024-10-11,2024.777550,7.31405531624982e-11,1395.2958970371114,nan,nan
2024-10-16,2024.791239,4.931704359180012e-11,1099.014676907535,nan,nan
2024-10-21,2024.804928,4.2526899615017905e-11,1023.0185533533929,nan,nan
2024-10-26,2024.818617,4.837103068811693e-11,1075.7382878971034,nan,nan
2024-10-31,2024.832307,6.02349550961948e-11,1188.8798444355298,nan,nan
2024-11-05,2024.845996,5.77589556084379e-11,1162.5781144930081,nan,nan
2024-11-10,2024.859685,6.159570723711923e-11,1206.5332052353654,nan,nan
2024-11-15,2024.873374,4.564873092627752e-11,1049.7930845946173,nan,nan
2024-11-20,2024.887064,4.3819479360646534e-11,1033.723434902298,nan,nan
2024-11-25,2024.900753,4.81428944685946e-11,1080.7958606253549,nan,nan
2024-11-30,2024.914442,4.927949627079785e-11,1098.8446145992586,nan,nan
2024-12-05,2024.928131,4.6202743359528276e-11,1072.9744889816293,nan,nan
2024-12-10,2024.941821,4.628738255338539e-11,1082.4628318224613,nan,nan
2024-12-15,2024.955510,4.3324296898263665e-11,1053.3862983509882,nan,nan
2024-12-20,2024.969199,3.913116937511379e-11,1004.4942091293775,nan,nan
2024-12-25,2024.982888,4.8726095402867354e-11,1110.1274814590302,nan,nan
2024-12-30,2024.996578,4.7820470687422563e-11,1115.6593198218472,nan,nan
2025-01-04,2025.010267,4.189972624052521e-11,1058.2248397069734,nan,nan
2025-01-09,2025.023956,3.967080335832847e-11,1036.6004635676672,nan,nan
2025-01-14,2025.037645,3.476984089478809e-11,983.6754990328615,nan,nan
2025-01-19,2025.051335,3.929557249017937e-11,1047.1661564784017,nan,nan
2025-01-24,2025.065024,4.642431735094645e-11,1128.7513258965637,nan,nan
2025-01-29,2025.078713,4.058190263135169e-11,1059.9823056494574,nan,nan
2025-02-03,2025.092402,4.555435346980653e-11,1107.646813698133,nan,nan
2025-02-08,2025.106092,3.8505962525489154e-11,1011.0384455699509,nan,nan
2025-02-13,2025.119781,3.76160334169368e-11,988.7125880838466,nan,nan
2025-02-18,2025.133470,4.8009588104407996e-11,1090.551607541201,nan,nan
2025-02-23,2025.147159,4.0975201801496356e-11,1018.9140637788398,nan,nan
2025-02-28,2025.160849,5.014006621155635e-11,1107.6776185465244,nan,nan
2025-03-05,2025.174538,3.9141573241929414e-11,984.9319889861763,nan,nan
2025-03-10,2025.188227,3.989924988650369e-11,988.9965055837879,nan,nan
2025-03-15,2025.201916,4.9266012266369276e-11,1076.0619338543834,nan,nan
2025-03-20,2025.215606,5.449900718964294e-11,1116.345937053222,nan,nan
2025-03-25,2025.229295,4.709823296324422e-11,1039.183670121763,nan,nan
2025-03-30,2025.242984,3.8429659915508464e-11,955.7743454476227,nan,nan
2025-04-04,2025.256674,4.5282724445316476e-11,1021.7303596426393,nan,nan
2025-04-09,2025.270363,4.7189300140307316e-11,1037.216007973869,nan,nan
2025-04-14,2025.284052,4.026309838876401e-11,973.89523199634,nan,nan
2025-04-19,2025.297741,3.7997913723282406e-11,955.591280055216,nan,nan
2025-04-24,2025.311431,3.7499649647489316e-11,957.0677901398556,nan,nan
2025-04-29,2025.325120,3.819326241783928e-11,969.7126489641103,nan,nan
2025-05-04,2025.338809,3.851806002862616e-11,981.7783281576401,nan,nan
2025-05-09,2025.352498,3.319667384302683e-11,937.2044871306523,nan,nan
2025-05-14,2025.366188,2.9812897480008926e-11,907.9880757726723,nan,nan
2025-05-19,2025.379877,3.414057475384555e-11,961.3327350373747,nan,nan
2025-05-24,2025.393566,2.8765658623681566e-11,908.4059394475697,nan,nan
2025-05-29,2025.407255,3.078335546188652e-11,938.4631955592904,nan,nan
2025-06-03,2025.420945,4.0168643237906974e-11,1054.532103193646,nan,nan
2025-06-08,2025.434634,2.6193125962463853e-11,900.0354314328049,nan,nan
2025-06-13,2025.448323,3.2704211877764596e-11,991.288438105865,nan,nan
2025-06-18,2025.462012,2.6262580769217374e-11,915.9321142273393,nan,nan
2025-06-23,2025.475702,2.384748627239178e-11,889.0692268103535,nan,nan
2025-06-28,2025.489391,2.313640614383419e-11,886.7117700878782,nan,nan
2025-07-03,2025.503080,2.465787652685183e-11,916.8891066687142,nan,nan
2025-07-08,2025.516769,2.5449953436729623e-11,932.26083492086,nan,nan
2025-07-13,2025.530459,2.2507622293820585e-11,887.910682938741,nan,nan
2025-07-18,2025.544148,2.8779163539628425e-11,976.5086749499976,nan,nan
2025-07-23,2025.557837,2.77374929809553e-11,978.3519728467629,nan,nan
2025-07-28,2025.571526,2.4972702374724693e-11,939.7125220696723,nan,nan
2025-08-02,2025.585216,2.693060689944585e-11,960.7649886063637,nan,nan
2025-08-07,2025.598905,2.5708028316792193e-11,939.3386380181923,nan,nan
2025-08-12,2025.612594,3.0091519502329054e-11,997.7287090792433,nan,nan
2025-08-17,2025.626283,2.5152286584303922e-11,929.9057191953141,nan,nan
2025-08-22,2025.639973,2.2647794732296715e-11,890.1666987527585,nan,nan
2025-08-27,2025.653662,2.7077829003376447e-11,944.2469675874938,nan,nan
2025-09-01,2025.667351,3.657584571829577e-11,1048.6038519758358,nan,nan
2025-09-06,2025.681040,3.2852993778722954e-11,990.5934020430532,nan,nan
2025-09-11,2025.694730,2.6421665304923776e-11,905.8359281986945,nan,nan
2025-09-16,2025.708419,3.087330732249104e-11,946.9472118862197,nan,nan
2025-09-21,2025.722108,2.896644148635218e-11,908.752613710363,nan,nan
2025-09-26,2025.735797,3.894785035200976e-11,1007.4650070308576,nan,nan
2025-10-01,2025.749487,4.8156429372349697e-11,1103.058137103971,nan,nan
2025-10-06,2025.763176,3.3512846874709096e-11,940.6076019646791,nan,nan
2025-10-11,2025.776865,2.876166677275875e-11,875.3934457770013,nan,nan
2025-10-16,2025.790554,3.155362686746742e-11,896.6378783481432,nan,nan
2025-10-21,2025.804244,3.367537854664313e-11,914.623939956833,nan,nan
2025-10-26,2025.817933,3.245880820253685e-11,905.3431900615279,nan,nan
2025-10-31,2025.831622,4.1656698696352e-11,998.7420279158221,nan,nan
2025-11-05,2025.845311,3.1615477571533855e-11,898.0717138738369,nan,nan
2025-11-10,2025.859001,3.512910617984663e-11,935.5522738155254,nan,nan
2025-11-15,2025.872690,3.581479508887285e-11,942.9270234712462,nan,nan
2025-11-20,2025.886379,2.7256394433077412e-11,858.067166757541,nan,nan
2025-11-25,2025.900068,3.583854266622444e-11,951.6285613742339,nan,nan
2025-11-30,2025.913758,3.64655985853291e-11,959.7920651195227,nan,nan
2025-12-05,2025.927447,4.341837364601796e-11,1039.1854815557617,nan,nan
2025-12-10,2025.941136,3.7921715099503325e-11,994.404306171562,nan,nan
2025-12-15,2025.954825,2.6451755624183054e-11,879.3561089948391,nan,nan
2025-12-20,2025.968515,2.5717316970152075e-11,871.4285410644287,nan,nan
2025-12-25,2025.982204,3.448643363916851e-11,971.124771812869,nan,nan
2025-12-30,2025.995893,3.3558042816614116e-11,972.6979722366982,nan,nan
2026-01-04,2026.009582,3.753279466452848e-11,1029.0670731052103,nan,nan
2026-01-09,2026.023272,2.64401344435071e-11,900.9457813622868,nan,nan
2026-01-14,2026.036961,2.08509932876689e-11,822.9853978632855,nan,nan
2026-01-19,2026.050650,3.045519513197723e-11,930.0180948281434,nan,nan
2026-01-24,2026.064339,4.0344729037706003e-11,1039.6305696406741,nan,nan
2026-01-29,2026.078029,3.84523554457346e-11,1017.4594985864177,nan,nan
2026-02-03,2026.091718,2.9471596097639734e-11,915.1835302014681,nan,nan
2026-02-08,2026.105407,3.409139376912374e-11,962.0551904439064,nan,nan
2026-02-13,2026.119097,3.0798154626849605e-11,920.065023775787,nan,nan
2026-02-18,2026.132786,2.962159983021515e-11,907.9723580224102,nan,nan
2026-02-23,2026.146475,3.174400316376258e-11,927.3955556453494,nan,nan
2026-02-28,2026.160164,3.064450351238281e-11,907.8857319117498,nan,nan
2026-03-05,2026.173854,2.963498558122258e-11,888.0799957639463,nan,nan
2026-03-10,2026.187543,2.988028912058917e-11,886.8739506148129,nan,nan
2026-03-15,2026.201232,3.2485842083621465e-11,914.2643355172999,nan,nan
2026-03-20,2026.214921,2.3373734594930313e-11,812.9394259315843,nan,nan
2026-03-25,2026.228611,2.602016863751729e-11,839.5854957782444,nan,nan
2026-03-30,2026.242300,3.513112878375686e-11,934.7193946119556,nan,nan
2026-04-04,2026.255989,4.600459171700657e-11,1044.360139929185,nan,nan
2026-04-09,2026.269678,2.6526045011608933e-11,849.1531497492,nan,nan
2026-04-14,2026.283368,2.0947521621191876e-11,786.7964762562563,nan,nan
2026-04-19,2026.297057,2.632938823320725e-11,849.4805663787073,nan,nan
2026-04-24,2026.310746,2.4258726957132483e-11,828.9621480354294,nan,nan
2026-04-29,2026.324435,2.983496083029536e-11,895.4780735120041,nan,nan
2026-05-04,2026.338125,3.059275585634254e-11,909.547796089721,nan,nan
2026-05-09,2026.351814,2.8464942970769154e-11,890.0249346076754,nan,nan
2026-05-14,2026.365503,2.5648021644844002e-11,862.5128889078827,nan,nan
2026-05-19,2026.379192,2.1905201872655594e-11,825.2616857722,nan,nan
2026-05-24,2026.392882,2.2816211169962053e-11,848.891716239197,nan,nan
2026-05-29,2026.406571,3.552594903170607e-11,1017.1654429792053,nan,nan
2026-06-03,2026.420260,2.6522767188263212e-11,917.0753009065083,nan,nan
